Rk,Player,Nation,Pos,Squad,Age,Born,90s,Att,Live,Dead,FK,TB,Press,Sw,Crs,CK,In,Out,Str,Ground,Low,High,Left,Right,Head,TI,Other,Cmp,Off,Out,Int,Blocks,Matches
1,Patrick van Aanholt\Patrick-van-Aanholt,nl NED,DF,Crystal Palace,28,1990,21.0,1186,901,285,42,0,182,25,67,31,19,11,0,700,244,242,755,194,18,211,3,935,6,13,26,35,Matches
2,Max Aarons\Max-Aarons,eng ENG,DF,Norwich City,19,2000,27.0,1277,1021,256,20,1,223,5,56,0,0,0,0,771,297,209,172,828,32,236,1,1005,0,22,19,52,Matches
3,Tammy Abraham\Tammy-Abraham,eng ENG,FW,Chelsea,21,1997,21.6,357,314,43,0,0,127,5,10,0,0,0,0,221,71,65,27,262,17,0,16,250,1,4,7,22,Matches
4,Che Adams\Che-Adams,eng ENG,FW,Southampton,23,1996,8.1,171,166,5,0,2,44,5,8,0,0,0,0,108,39,24,14,135,9,0,3,118,0,8,8,11,Matches
5,Adrián\Adrian,es ESP,GK,Liverpool,32,1987,9.7,314,219,95,27,0,40,12,0,0,0,0,0,150,24,140,31,217,1,0,49,227,0,9,0,1,Matches
6,Sergio Agüero\Sergio-Aguero,ar ARG,FW,Manchester City,31,1988,15.6,350,332,18,1,5,88,1,10,0,0,0,0,262,67,21,40,288,10,1,9,271,0,4,11,13,Matches
7,Albian Ajeti\Albian-Ajeti,ch SUI,MFFW,West Ham,22,1997,1.4,18,17,1,0,0,5,0,0,0,0,0,0,6,8,4,2,12,3,0,0,15,0,0,0,0,Matches
8,Nathan Aké\Nathan-Ake,nl NED,DF,Bournemouth,24,1995,22.4,964,918,46,26,1,127,12,4,0,0,0,0,687,118,159,682,166,81,20,0,853,2,8,4,11,Matches
9,Marc Albrighton\Marc-Albrighton,eng ENG,MF,Leicester City,29,1989,5.3,297,286,11,0,1,53,16,39,2,0,2,0,172,51,74,36,240,9,9,2,204,0,8,6,17,Matches
10,Toby Alderweireld\Toby-Alderweireld,be BEL,DF,Tottenham,30,1989,26.9,1637,1563,74,65,6,181,58,8,0,0,0,0,1066,168,403,296,1211,86,9,7,1363,9,29,9,9,Matches
11,Trent Alexander-Arnold\Trent-Alexander-Arnold,eng ENG,DF,Liverpool,20,1998,28.3,2539,2016,523,71,4,360,169,308,132,36,62,4,1199,466,874,232,1906,66,320,6,1803,9,68,33,99,Matches
12,Alisson\Alisson,br BRA,GK,Liverpool,26,1992,19.3,651,486,165,39,1,102,15,0,0,0,0,0,414,56,181,35,493,1,0,91,554,2,13,2,0,Matches
13,Dele Alli\Dele-Alli,eng ENG,MFFW,Tottenham,23,1996,19.6,752,695,57,9,6,184,8,7,4,0,0,1,545,132,75,33,656,27,17,8,584,5,8,16,32,Matches
14,Miguel Almirón\Miguel-Almiron,py PAR,FWMF,Newcastle Utd,25,1994,26.4,655,644,11,2,1,170,15,33,1,0,1,0,463,104,88,566,49,24,7,5,488,3,12,27,31,Matches
15,Marcos Alonso\Marcos-Alonso,es ESP,DF,Chelsea,28,1990,9.5,694,585,109,5,0,164,13,31,1,1,0,0,415,140,139,491,55,31,103,0,572,1,6,4,19,Matches
16,Steven Alzate\Steven-Alzate,co COL,MFDF,Brighton,20,1998,13.1,664,609,55,5,1,135,9,9,0,0,0,0,471,133,60,30,540,33,50,1,564,1,5,15,16,Matches
17,Ibrahim Amadou\Ibrahim-Amadou,fr FRA,DFMF,Norwich City,26,1993,8.4,361,354,7,4,0,68,5,1,0,0,0,0,285,35,41,23,314,17,2,1,310,1,4,7,5,Matches
18,Felipe Anderson\Felipe-Anderson,br BRA,MFFW,West Ham,26,1993,15.7,893,863,30,9,3,180,19,35,5,3,1,0,607,166,120,118,716,31,12,12,692,3,14,28,38,Matches
19,Florin Andone\Florin-Andone,ro ROU,MFFW,Brighton,26,1993,0.8,12,11,1,0,0,5,0,0,1,0,0,0,8,2,2,2,6,2,0,1,8,0,0,1,1,Matches
20,Angeliño\Angelino,es ESP,DF,Manchester City,22,1997,4.7,426,377,49,3,0,70,7,42,0,0,0,0,267,78,81,342,15,18,46,1,335,1,9,5,14,Matches
21,Faustino Anjorin\Faustino-Anjorin,eng ENG,FW,Chelsea,17,2001,0.2,7,7,0,0,0,1,0,0,0,0,0,0,7,0,0,0,7,0,0,0,7,0,0,0,0,Matches
22,Michail Antonio\Michail-Antonio,eng ENG,FWMF,West Ham,29,1990,11.4,290,273,17,1,4,98,11,33,0,0,0,0,136,77,77,27,200,19,10,9,180,4,6,3,19,Matches
23,Stuart Armstrong\Stuart-Armstrong,sco SCO,MF,Southampton,27,1992,12.7,402,385,17,0,0,116,5,19,0,0,0,0,240,103,59,84,279,17,14,2,301,2,7,13,22,Matches
24,Kepa Arrizabalaga\Kepa-Arrizabalaga,es ESP,GK,Chelsea,24,1994,25.0,821,624,197,44,0,107,18,0,0,0,0,0,522,50,249,122,587,2,0,104,652,4,13,9,1,Matches
25,Christian Atsu\Christian-Atsu,gh GHA,FWMF,Newcastle Utd,27,1992,8.1,204,195,9,2,1,43,7,16,6,2,2,0,144,20,40,165,25,9,1,0,160,2,5,4,6,Matches
26,Pierre-Emerick Aubameyang\Pierre-Emerick-Aubameyang,ga GAB,FW,Arsenal,30,1989,25.6,674,643,31,0,0,186,8,70,1,0,0,0,427,131,116,77,566,15,2,2,468,1,19,20,43,Matches
27,Serge Aurier\Serge-Aurier,ci CIV,DF,Tottenham,26,1992,21.3,1179,980,199,6,1,209,12,97,0,0,0,0,659,303,217,139,763,60,193,2,907,2,19,23,45,Matches
28,Jordan Ayew\Jordan-Ayew,gh GHA,FWMF,Crystal Palace,27,1991,26.6,627,600,27,2,2,200,9,18,1,0,0,0,423,122,82,33,506,27,8,12,502,3,8,16,27,Matches
29,César Azpilicueta\Cesar-Azpilicueta,es ESP,DF,Chelsea,29,1989,26.9,2056,1733,323,17,1,333,31,81,0,0,0,0,1215,406,435,205,1417,79,306,7,1633,5,30,31,75,Matches
30,Eric Bailly\Eric-Bailly,ci CIV,DF,Manchester Utd,25,1994,1.1,36,36,0,0,0,6,0,0,0,0,0,0,20,8,8,7,21,4,0,1,30,0,0,0,1,Matches
31,Leighton Baines\Leighton-Baines,eng ENG,DF,Everton,34,1984,3.7,175,130,45,5,0,18,8,26,10,4,1,5,91,36,48,119,15,7,30,0,137,2,0,1,9,Matches
32,Fabián Balbuena\Fabian-Balbuena,py PAR,DF,West Ham,27,1991,12.0,451,435,16,11,1,78,20,1,0,0,0,0,271,61,119,64,334,24,5,3,337,3,8,8,10,Matches
33,George Baldock\George-Baldock,eng ENG,DF,Sheffield Utd,26,1993,28.0,1144,913,231,4,0,227,16,91,1,1,0,0,558,275,311,38,809,50,226,7,854,4,23,12,62,Matches
34,Phil Bardsley\Phil-Bardsley,sco SCO,DF,Burnley,34,1985,14.0,550,389,161,10,1,58,13,23,0,0,0,0,186,111,253,37,316,35,151,1,357,4,19,6,20,Matches
35,Ross Barkley\Ross-Barkley,eng ENG,MF,Chelsea,25,1993,7.5,397,392,5,1,2,124,14,7,3,1,1,0,307,51,39,52,331,7,1,1,346,1,2,8,6,Matches
36,Ashley Barnes\Ashley-Barnes,at AUT,FW,Burnley,29,1989,15.1,253,244,9,0,1,97,1,5,0,0,0,0,123,59,71,46,142,22,1,8,155,1,10,9,13,Matches
37,Harvey Barnes\Harvey-Barnes,eng ENG,MF,Leicester City,21,1997,19.1,585,583,2,1,2,157,6,34,0,0,0,0,410,95,80,87,457,14,1,8,444,3,9,19,27,Matches
38,Chris Basham\Chris-Basham,eng ENG,DF,Sheffield Utd,31,1988,27.1,1094,956,138,15,0,212,25,35,0,0,0,0,547,200,347,86,729,111,123,5,792,2,35,13,24,Matches
39,Borja Bastón\Borja-Baston,es ESP,MFFW,Aston Villa,26,1992,0.2,5,5,0,0,0,2,0,0,0,0,0,0,2,1,2,0,4,0,0,0,4,0,0,0,0,Matches
40,Michy Batshuayi\Michy-Batshuayi,be BEL,FW,Chelsea,25,1993,2.5,76,70,6,0,0,16,2,0,0,0,0,0,53,14,9,23,48,0,0,1,61,0,0,3,3,Matches
41,Jan Bednarek\Jan-Bednarek,pl POL,DF,Southampton,23,1996,27.0,1075,1023,52,18,0,141,16,1,0,0,0,0,667,124,284,164,719,112,34,4,851,3,19,8,12,Matches
42,Héctor Bellerín\Hector-Bellerin,es ESP,DF,Arsenal,24,1995,6.9,418,342,76,11,1,53,3,20,0,0,0,0,268,88,62,30,306,13,65,0,341,1,3,8,15,Matches
43,Ryan Bennett\Ryan-Bennett,eng ENG,DF,Wolves,29,1990,6.7,239,224,15,3,0,41,8,4,0,0,0,0,134,26,79,14,180,17,12,2,185,1,5,3,1,Matches
44,Nabil Bentaleb\Nabil-Bentaleb,dz ALG,MF,Newcastle Utd,24,1994,3.0,136,130,6,6,0,22,5,0,0,0,0,0,95,24,17,110,15,6,0,2,118,0,2,2,3,Matches
45,Christian Benteke\Christian-Benteke,be BEL,FW,Crystal Palace,28,1990,10.2,241,231,10,0,2,98,3,4,0,0,0,0,111,64,66,17,127,29,0,7,143,0,3,7,10,Matches
46,Jóhann Berg Guðmundsson\Johann-Berg-Gudmundsson,is ISL,MF,Burnley,28,1990,4.5,119,113,6,0,0,31,13,25,6,6,0,0,57,21,41,92,19,6,0,0,73,0,2,1,5,Matches
47,Sander Berge\Sander-Berge,no NOR,MF,Sheffield Utd,21,1998,2.3,81,79,2,1,0,33,2,5,0,0,0,0,47,27,7,10,57,5,1,1,57,0,2,2,5,Matches
48,Steven Bergwijn\Steven-Bergwijn,nl NED,FWMF,Tottenham,21,1997,4.6,127,120,7,2,0,38,0,2,1,0,0,0,89,27,11,5,106,7,1,4,114,0,3,0,0,Matches
49,Bernard\Bernard,br BRA,MFFW,Everton,26,1992,11.4,458,446,12,2,4,96,9,32,6,5,0,0,332,64,62,123,324,7,1,2,333,0,13,15,25,Matches
50,Bernardo\Bernardo,br BRA,DF,Brighton,24,1995,6.0,312,264,48,1,0,72,1,14,0,0,0,0,160,79,73,211,24,14,47,2,238,0,9,8,13,Matches
51,Ryan Bertrand\Ryan-Bertrand,eng ENG,DF,Southampton,29,1989,22.5,1171,861,310,34,0,195,33,94,24,6,10,7,564,252,355,749,71,63,252,6,860,5,20,21,50,Matches
52,Muhamed Bešić\Muhamed-Besic,ba BIH,MF,Sheffield Utd,26,1992,2.7,106,104,2,2,0,24,5,1,0,0,0,0,69,20,17,14,80,8,0,0,86,0,0,3,5,Matches
53,Philip Billing\Philip-Billing,dk DEN,MF,Bournemouth,23,1996,24.1,1027,975,52,20,3,235,19,13,0,0,0,0,620,184,223,732,116,84,32,4,782,3,35,18,22,Matches
54,Yves Bissouma\Yves-Bissouma,ml MLI,MF,Brighton,22,1996,7.4,370,362,8,6,0,70,16,5,0,0,0,0,246,69,55,29,317,12,2,4,310,0,5,7,5,Matches
55,Willy Boly\Willy-Boly,fr FRA,DF,Wolves,28,1991,13.0,509,496,13,10,4,97,13,2,0,0,0,0,334,56,119,58,395,27,3,2,403,2,9,9,8,Matches
56,Gaëtan Bong\Gaetan-Bong,cm CMR,MFDF,Brighton,31,1988,0.6,35,32,3,1,0,3,1,5,0,0,0,0,23,2,10,32,1,0,2,0,24,0,1,1,3,Matches
57,Sofiane Boufal\Sofiane-Boufal,ma MAR,MFFW,Southampton,25,1993,8.4,324,316,8,1,1,96,8,27,1,0,0,0,221,54,49,62,235,12,6,1,246,0,9,6,14,Matches
58,Jarrod Bowen\Jarrod-Bowen,eng ENG,FWMF,West Ham,22,1996,2.0,45,45,0,0,1,13,0,6,0,0,0,0,22,11,12,34,9,2,0,0,32,0,1,1,5,Matches
59,Robbie Brady\Robbie-Brady,ie IRL,MF,Burnley,27,1992,4.4,122,115,7,3,0,40,3,10,3,3,0,0,63,18,41,83,18,12,1,0,73,1,5,5,3,Matches
60,Claudio Bravo\Claudio-Bravo,cl CHI,GK,Manchester City,36,1983,3.8,132,96,36,8,0,20,5,0,0,0,0,0,69,15,48,11,105,0,0,13,101,0,4,2,0,Matches
61,Armando Broja\Armando-Broja,al ALB,FW,Chelsea,17,2001,0.0,2,2,0,0,0,2,0,0,0,0,0,0,1,1,0,0,1,0,0,1,2,0,0,0,0,Matches
62,Josh Brownhill\Josh-Brownhill,eng ENG,MF,Burnley,23,1995,0.0,2,2,0,0,0,0,0,0,0,0,0,0,0,0,2,1,0,1,0,0,0,0,0,0,0,Matches
63,Emi Buendía\Emi-Buendia,ar ARG,FWMF,Norwich City,22,1996,22.4,1283,1126,157,56,13,314,76,137,87,42,40,3,875,165,243,158,1074,24,14,2,971,5,19,36,45,Matches
64,Dan Burn\Dan-Burn,eng ENG,DF,Brighton,27,1992,23.9,1476,1258,218,8,1,283,17,39,0,0,0,0,831,297,348,980,136,82,210,2,1145,2,33,18,52,Matches
65,Sam Byram\Sam-Byram,eng ENG,DF,Norwich City,25,1993,14.4,763,624,139,11,0,145,2,7,0,0,0,0,406,199,158,107,450,54,128,5,625,2,17,7,16,Matches
66,Willy Caballero\Willy-Caballero,ar ARG,GK,Chelsea,37,1981,4.0,125,101,24,2,0,12,3,0,0,0,0,0,57,3,65,19,88,0,0,10,88,0,2,0,0,Matches
67,Gary Cahill\Gary-Cahill,eng ENG,DF,Crystal Palace,33,1985,20.0,788,757,31,28,0,142,20,0,0,0,0,0,545,100,143,76,614,54,3,7,690,0,15,2,8,Matches
68,Dominic Calvert-Lewin\Dominic-Calvert-Lewin,eng ENG,FW,Everton,22,1997,21.2,453,432,21,2,2,173,5,15,0,0,0,0,199,148,106,46,240,50,1,19,305,2,8,6,19,Matches
69,Víctor Camarasa\Victor-Camarasa,es ESP,MF,Crystal Palace,25,1994,0.1,3,3,0,0,0,1,0,0,0,0,0,0,3,0,0,0,3,0,0,0,3,0,0,0,0,Matches
70,João Cancelo\Joao-Cancelo,pt POR,DF,Manchester City,25,1994,8.7,726,650,76,5,2,99,19,27,1,0,1,0,507,133,86,91,538,19,70,3,635,3,9,11,13,Matches
71,Todd Cantwell\Todd-Cantwell,eng ENG,FW,Norwich City,21,1998,23.1,940,911,29,11,0,230,25,21,4,0,1,0,689,156,95,77,808,29,11,8,747,3,25,21,33,Matches
72,Étienne Capoue\Etienne-Capoue,fr FRA,MF,Watford,31,1988,23.8,1204,1159,45,16,3,161,53,12,4,3,1,0,734,209,261,185,901,82,2,8,987,3,14,13,16,Matches
73,Andy Carroll\Andy-Carroll,eng ENG,FW,Newcastle Utd,30,1989,5.6,163,159,4,0,1,80,5,5,0,0,0,0,53,55,55,59,32,12,0,10,100,1,7,2,3,Matches
74,Jonny Castro\Jonny-Castro,es ESP,DF,Wolves,25,1994,24.4,1074,843,231,5,0,222,13,43,2,1,0,0,588,336,150,240,540,43,224,5,870,3,19,18,31,Matches
75,Craig Cathcart\Craig-Cathcart,nir NIR,DF,Watford,30,1989,26.2,800,778,22,18,0,126,30,1,0,0,0,0,495,108,197,187,510,64,4,3,672,2,13,7,5,Matches
76,Dani Ceballos\Dani-Ceballos,es ESP,MF,Arsenal,22,1996,10.1,740,688,52,14,2,134,28,39,35,7,7,4,541,92,107,38,689,5,3,2,631,2,10,10,16,Matches
77,Nathaniel Chalobah\Nathaniel-Chalobah,eng ENG,MF,Watford,24,1994,8.6,292,273,19,5,1,75,13,16,12,2,2,4,173,65,54,50,212,21,1,0,219,0,7,6,12,Matches
78,Calum Chambers\Calum-Chambers,eng ENG,DF,Arsenal,24,1995,12.3,865,773,92,8,0,159,15,34,0,0,0,0,594,144,127,54,684,27,83,1,702,1,10,9,31,Matches
79,Ben Chilwell\Ben-Chilwell,eng ENG,DF,Leicester City,22,1996,22.9,1670,1408,262,28,2,283,28,86,7,0,3,0,1003,324,343,1206,161,41,227,3,1308,3,35,27,54,Matches
80,Tahith Chong\Tahith-Chong,nl NED,FWMF,Manchester Utd,19,1999,0.4,14,14,0,0,0,2,0,0,0,0,0,0,13,1,0,14,0,0,0,0,9,0,1,2,1,Matches
81,Hamza Choudhury\Hamza-Choudhury,eng ENG,MF,Leicester City,21,1997,8.7,444,434,10,10,0,53,4,3,0,0,0,0,349,40,55,32,373,33,0,1,388,0,4,7,6,Matches
82,Andreas Christensen\Andreas-Christensen,dk DEN,DF,Chelsea,23,1996,14.0,812,785,27,23,1,124,24,0,0,0,0,0,679,52,81,51,714,20,4,1,749,2,12,6,3,Matches
83,Ciaran Clark\Ciaran-Clark,ie IRL,DF,Newcastle Utd,29,1989,13.2,322,297,25,10,0,58,7,0,0,0,0,0,182,43,97,227,42,24,15,1,253,0,9,2,4,Matches
84,Leon Clarke\Leon-Clarke,eng ENG,MF,Sheffield Utd,34,1985,0.1,3,3,0,0,0,0,0,0,0,0,0,0,2,1,0,2,1,0,0,0,3,0,0,0,0,Matches
85,Tom Cleverley\Tom-Cleverley,eng ENG,MF,Watford,29,1989,7.3,322,311,11,1,1,51,8,16,3,0,1,2,199,59,64,36,260,16,5,1,263,1,6,3,9,Matches
86,Conor Coady\Conor-Coady,eng ENG,DF,Wolves,26,1993,29.0,1312,1284,28,27,3,168,74,0,0,0,0,0,796,141,375,45,1174,76,1,4,1122,3,19,15,9,Matches
87,Séamus Coleman\Seamus-Coleman,ie IRL,DF,Everton,30,1988,13.2,755,584,171,7,1,143,5,36,0,0,0,0,373,192,190,81,468,33,164,0,587,3,13,18,35,Matches
88,Aaron Connolly\Aaron-Connolly,ie IRL,FW,Brighton,19,2000,9.3,115,104,11,0,1,40,0,8,0,0,0,0,58,40,17,17,75,9,1,5,84,0,1,4,8,Matches
89,Lewis Cook\Lewis-Cook,eng ENG,MF,Bournemouth,22,1997,11.2,547,535,12,9,5,109,14,9,1,0,0,0,333,118,96,37,478,19,2,1,425,4,10,10,20,Matches
90,Steve Cook\Steve-Cook,eng ENG,DF,Bournemouth,28,1991,20.5,979,927,52,36,0,144,15,2,0,0,0,0,621,122,236,36,827,69,16,0,801,4,17,6,10,Matches
91,Jack Cork\Jack-Cork,eng ENG,MF,Burnley,30,1989,26.3,845,838,7,3,3,213,26,6,0,0,0,0,537,125,183,97,653,51,4,2,665,6,13,9,14,Matches
92,Aaron Cresswell\Aaron-Cresswell,eng ENG,DF,West Ham,29,1989,22.5,1279,978,301,31,3,199,26,98,14,8,5,0,591,291,397,919,55,25,256,0,943,5,33,15,62,Matches
93,Patrick Cutrone\Patrick-Cutrone,it ITA,FW,Wolves,21,1998,3.2,56,49,7,0,0,21,2,6,0,0,0,0,33,11,12,9,40,1,0,3,38,0,4,1,0,Matches
94,Diogo Dalot\Diogo-Dalot,pt POR,DF,Manchester Utd,20,1999,0.7,64,50,14,0,0,8,0,3,1,0,0,0,34,20,10,7,40,2,13,1,51,0,1,2,1,Matches
95,Charlie Daniels\Charlie-Daniels,eng ENG,DF,Bournemouth,32,1986,1.4,49,39,10,4,0,7,4,5,0,0,0,0,25,9,15,42,1,0,6,0,35,2,4,0,0,Matches
96,Scott Dann\Scott-Dann,eng ENG,DF,Crystal Palace,32,1987,7.1,264,254,10,10,0,42,4,0,0,0,0,0,167,48,49,33,195,25,0,2,219,0,4,4,5,Matches
97,Kevin Danso\Kevin-Danso,at AUT,DF,Southampton,20,1998,3.1,159,125,34,1,0,32,4,4,0,0,0,0,93,24,42,10,105,6,33,0,115,0,4,5,3,Matches
98,Ben Davies\Ben-Davies,wal WAL,DF,Tottenham,26,1993,7.0,407,328,79,8,1,57,6,15,0,0,0,0,234,87,86,276,28,20,71,1,302,1,8,18,15,Matches
99,Tom Davies\Tom-Davies,eng ENG,MF,Everton,21,1998,15.2,579,558,21,8,5,118,16,7,0,0,0,0,353,116,110,67,443,47,5,2,451,3,11,10,17,Matches
100,Keinan Davis\Keinan-Davis,eng ENG,FW,Aston Villa,21,1998,1.4,36,34,2,0,0,13,0,0,0,0,0,0,27,6,3,26,6,1,0,1,29,0,0,0,3,Matches
101,Craig Dawson\Craig-Dawson,eng ENG,DF,Watford,29,1990,17.2,618,591,27,10,0,104,25,4,0,0,0,0,373,97,148,28,505,38,17,6,500,3,19,6,8,Matches
102,Kevin De Bruyne\Kevin-De-Bruyne,be BEL,MF,Manchester City,28,1991,24.0,1735,1522,213,39,22,308,100,244,145,45,41,16,1144,231,360,186,1479,32,26,3,1293,9,26,50,79,Matches
103,Troy Deeney\Troy-Deeney,eng ENG,FW,Watford,31,1988,16.7,470,457,13,0,2,178,5,5,1,0,0,0,153,173,144,14,257,84,1,8,263,6,16,11,21,Matches
104,Fabian Delph\Fabian-Delph,eng ENG,MF,Everton,29,1989,13.2,778,763,15,11,2,122,28,8,0,0,0,0,550,113,115,483,250,28,2,3,676,2,13,6,7,Matches
105,Leander Dendoncker\Leander-Dendoncker,be BEL,DFMF,Wolves,24,1995,25.3,1070,1058,12,10,0,160,40,8,0,0,0,0,766,145,159,168,768,83,2,2,921,4,7,18,18,Matches
106,Gerard Deulofeu\Gerard-Deulofeu,es ESP,FW,Watford,25,1994,23.4,823,731,92,30,3,178,25,91,33,14,11,4,544,151,128,66,732,9,8,6,603,4,9,20,48,Matches
107,Eric Dier\Eric-Dier,eng ENG,MFDF,Tottenham,25,1994,9.9,542,528,14,13,0,103,13,3,0,0,0,0,357,72,113,83,395,35,1,0,430,3,5,15,4,Matches
108,Lucas Digne\Lucas-Digne,fr FRA,DF,Everton,26,1993,24.9,1453,1038,415,48,2,232,48,218,91,41,36,7,601,329,523,962,77,81,276,4,1006,3,24,29,66,Matches
109,Virgil van Dijk\Virgil-van-Dijk,nl NED,DF,Liverpool,28,1991,29.0,2326,2262,64,54,7,265,108,0,0,0,0,0,1757,212,357,279,1853,113,10,4,2110,1,37,11,6,Matches
110,Issa Diop\Issa-Diop,fr FRA,DF,West Ham,22,1997,21.7,671,638,33,32,0,109,13,1,0,0,0,0,446,74,151,95,481,64,1,1,547,2,17,10,7,Matches
111,Moussa Djenepo\Moussa-Djenepo,ml MLI,MFDF,Southampton,21,1998,10.3,264,254,10,0,3,56,5,23,0,0,0,0,169,62,33,60,176,11,9,5,191,1,7,8,8,Matches
112,Matt Doherty\Matt-Doherty,ie IRL,DF,Wolves,27,1992,23.9,1295,1044,251,5,1,229,19,34,0,0,0,0,626,358,311,55,844,84,246,9,981,3,23,30,37,Matches
113,Abdoulaye Doucouré\Abdoulaye-Doucoure,fr FRA,MF,Watford,26,1993,27.2,1340,1329,11,8,1,287,20,18,1,0,0,0,954,238,148,213,1035,58,0,5,1066,3,18,22,49,Matches
114,Danny Drinkwater\Danny-Drinkwater,eng ENG,MF,Aston Villa,29,1990,2.9,167,163,4,4,0,32,7,1,0,0,0,0,96,44,27,35,126,3,0,0,136,0,5,2,6,Matches
115,Danny Drinkwater\Danny-Drinkwater,eng ENG,MF,Burnley,29,1990,0.7,20,19,1,1,0,3,1,0,0,0,0,0,9,2,9,3,14,3,0,0,11,0,2,0,1,Matches
116,Josip Drmić\Josip-Drmic,ch SUI,FWMF,Norwich City,26,1992,2.4,61,58,3,0,0,24,3,1,2,2,0,0,35,17,9,9,46,3,0,2,48,0,4,2,0,Matches
117,Martin Dúbravka\Martin-Dubravka,sk SVK,GK,Newcastle Utd,30,1989,29.0,833,451,382,112,0,99,21,0,0,0,0,0,191,29,613,37,650,1,1,85,448,4,25,6,2,Matches
118,Ondrej Duda\Ondrej-Duda,sk SVK,MF,Norwich City,24,1994,6.5,299,270,29,7,0,60,12,35,20,6,13,0,170,71,58,34,238,11,1,9,234,0,3,6,11,Matches
119,Shane Duffy\Shane-Duffy,ie IRL,DF,Brighton,27,1992,11.9,546,514,32,28,0,86,33,1,0,0,0,0,341,79,126,38,421,45,4,8,457,1,16,2,6,Matches
120,Paul Dummett\Paul-Dummett,wal WAL,DF,Newcastle Utd,27,1991,13.7,502,450,52,11,0,104,11,15,0,0,0,0,262,71,169,382,30,29,41,3,358,2,12,6,16,Matches
121,Lewis Dunk\Lewis-Dunk,eng ENG,DF,Brighton,27,1991,27.0,1832,1751,81,50,1,232,101,1,0,0,0,0,1258,234,340,111,1550,91,31,16,1606,4,36,22,7,Matches
122,Ederson\Ederson,br BRA,GK,Manchester City,25,1993,24.1,672,547,125,31,0,85,29,0,0,0,0,0,495,45,132,427,116,3,1,114,588,2,13,1,1,Matches
123,John Egan\John-Egan,ie IRL,DF,Sheffield Utd,26,1992,26.9,925,903,22,18,0,156,41,2,0,0,0,0,603,122,200,114,684,83,4,3,784,2,25,2,5,Matches
124,Harvey Elliot\Harvey-Elliot,eng ENG,FW,Liverpool,,,0.0,0,0,0,0,0,0,0,0,0,0,0,0,0,0,0,0,0,0,0,0,0,0,0,0,0,Matches
125,Ahmed Elmohamady\Ahmed-Elmohamady,eg EGY,DF,Aston Villa,31,1987,8.5,467,394,73,5,0,83,9,42,0,0,0,0,230,98,139,5,363,21,68,0,349,3,5,15,13,Matches
126,Björn Engels\Bjorn-Engels,be BEL,DF,Aston Villa,24,1994,16.1,605,586,19,17,0,91,29,2,0,0,0,0,399,68,138,53,491,31,2,1,503,2,9,5,4,Matches
127,Christian Eriksen\Christian-Eriksen,dk DEN,MFFW,Tottenham,27,1992,12.1,743,659,84,26,4,119,35,72,46,18,16,5,468,111,164,173,532,23,10,2,549,4,9,18,19,Matches
128,Jonny Evans\Jonny-Evans,nir NIR,DF,Leicester City,31,1988,28.6,1716,1661,55,50,1,223,41,4,0,0,0,0,1303,155,258,401,1198,76,5,4,1519,2,32,7,7,Matches
129,Łukasz Fabiański\Lukasz-Fabianski,pl POL,GK,West Ham,34,1985,14.5,413,255,158,40,0,37,7,0,0,0,0,0,60,22,331,13,310,0,0,56,220,4,9,1,2,Matches
130,Fabinho\Fabinho,br BRA,MF,Liverpool,25,1993,16.0,1058,1039,19,12,4,197,29,8,0,0,0,0,698,160,200,69,921,43,4,0,914,2,12,7,13,Matches
131,Ralf Fährmann\Ralf-Fahrmann,de GER,GK,Norwich City,30,1988,0.2,10,7,3,0,0,0,0,0,0,0,0,0,6,1,3,2,6,0,0,2,7,0,1,0,0,Matches
132,Kiko Femenía\Kiko-Femenia,es ESP,DF,Watford,28,1991,17.0,857,682,175,14,0,115,14,42,2,1,1,0,486,198,173,97,555,33,159,3,676,1,15,26,17,Matches
133,Bruno Fernandes\Bruno-Fernandes,pt POR,MF,Manchester Utd,24,1994,5.0,294,254,40,15,2,58,17,25,18,7,6,1,164,59,71,25,263,1,2,2,212,0,5,9,8,Matches
134,Gedson Fernandes\Gedson-Fernandes,pt POR,MFDF,Tottenham,20,1999,0.4,32,28,4,1,0,7,0,3,0,0,0,0,20,8,4,1,27,1,3,0,25,0,1,0,1,Matches
135,Federico Fernández\Federico-Fernandez,ar ARG,DF,Newcastle Utd,30,1989,20.1,815,694,121,30,1,132,24,25,0,0,0,0,451,117,247,40,618,42,90,0,601,4,24,16,21,Matches
136,Fernandinho\Fernandinho,br BRA,DF,Manchester City,34,1985,22.2,1784,1738,46,34,1,212,59,3,0,0,0,0,1393,157,234,203,1463,71,12,6,1620,4,21,9,16,Matches
137,Roberto Firmino\Roberto-Firmino,br BRA,FWMF,Liverpool,27,1991,26.9,952,932,20,2,7,269,8,7,0,0,0,0,713,166,73,126,751,46,10,7,756,3,5,43,50,Matches
138,John Fleck\John-Fleck,sco SCO,MF,Sheffield Utd,27,1991,24.3,1027,908,119,27,2,210,56,131,67,41,10,5,593,197,237,869,85,52,6,7,754,8,18,19,46,Matches
139,Phil Foden\Phil-Foden,eng ENG,MFFW,Manchester City,19,2000,3.9,207,201,6,2,1,28,3,6,2,0,1,0,169,20,18,188,13,3,2,0,182,0,2,1,4,Matches
140,Pablo Fornals\Pablo-Fornals,es ESP,MF,West Ham,23,1996,16.3,608,580,28,8,4,159,21,48,17,3,9,3,399,114,95,70,511,15,2,5,464,0,9,12,41,Matches
141,Ben Foster\Ben-Foster,eng ENG,GK,Watford,36,1983,29.0,939,573,366,133,0,83,40,0,0,0,0,0,130,39,770,610,134,0,1,90,399,11,26,6,3,Matches
142,Dimitri Foulquier\Dimitri-Foulquier,fr FRA,MFDF,Watford,26,1993,0.6,13,12,1,0,0,5,0,1,0,0,0,0,7,4,2,2,10,0,1,0,10,0,1,0,1,Matches
143,Juan Foyth\Juan-Foyth,ar ARG,DF,Tottenham,21,1998,0.7,60,52,8,1,0,12,3,0,0,0,0,0,44,8,8,6,46,0,7,0,53,1,1,1,0,Matches
144,Simon Francis\Simon-Francis,eng ENG,DF,Bournemouth,34,1985,10.7,545,505,40,11,1,123,18,16,0,0,0,0,272,127,146,48,403,34,29,2,425,0,10,9,7,Matches
145,Ryan Fraser\Ryan-Fraser,sco SCO,MFFW,Bournemouth,25,1994,22.9,950,818,132,35,9,206,29,173,64,25,20,8,516,180,254,195,697,27,19,5,648,4,18,18,38,Matches
146,Fred\Fred,br BRA,MF,Manchester Utd,26,1993,22.5,1574,1474,100,48,3,337,79,62,42,15,16,0,1132,205,237,1103,430,24,7,5,1335,2,18,20,37,Matches
147,Ryan Fredericks\Ryan-Fredericks,eng ENG,DF,West Ham,26,1992,18.8,803,651,152,4,0,137,3,46,0,0,0,0,416,137,250,67,528,49,148,2,577,3,11,10,33,Matches
148,Luke Freeman\Luke-Freeman,eng ENG,MF,Sheffield Utd,27,1992,3.6,133,126,7,0,0,35,2,15,7,4,1,0,85,24,24,111,16,3,0,0,99,0,6,2,11,Matches
149,Christian Fuchs\Christian-Fuchs,at AUT,DF,Leicester City,33,1986,7.0,509,436,73,11,1,65,13,11,0,0,0,0,314,106,89,364,50,22,62,1,416,1,11,9,10,Matches
150,Eric García\Eric-Garcia,es ESP,DF,Manchester City,18,2001,3.0,251,250,1,1,0,21,8,0,0,0,0,0,230,11,10,24,223,2,0,1,240,0,1,0,1,Matches
151,James Garner\James-Garner,eng ENG,MF,Manchester Utd,18,2001,0.1,15,15,0,0,0,6,1,0,0,0,0,0,15,0,0,2,12,0,0,1,15,0,0,0,0,Matches
152,Dwight Gayle\Dwight-Gayle,eng ENG,FW,Newcastle Utd,28,1990,4.2,68,61,7,1,1,24,4,3,0,0,0,0,34,17,17,6,43,6,1,1,49,1,2,0,2,Matches
153,Paulo Gazzaniga\Paulo-Gazzaniga,ar ARG,GK,Tottenham,27,1992,17.9,516,350,166,26,1,63,10,0,0,0,0,0,223,15,278,21,393,0,0,58,319,2,14,0,2,Matches
154,Jean-Philippe Gbamin\Jean-Philippe-Gbamin,ci CIV,MF,Everton,23,1995,1.5,67,64,3,3,0,9,3,0,0,0,0,0,46,7,14,7,55,4,0,0,50,0,6,0,5,Matches
155,David de Gea\David-de-Gea,es ESP,GK,Manchester Utd,28,1990,29.0,716,459,257,63,0,88,19,0,0,0,0,0,402,60,254,35,531,0,1,121,540,1,15,1,5,Matches
156,Anwar El Ghazi\Anwar-El-Ghazi,nl NED,FWMF,Aston Villa,24,1995,18.7,510,474,36,3,0,137,27,87,17,7,5,0,285,107,118,82,375,22,11,2,339,3,26,9,33,Matches
157,Morgan Gibbs-White\Morgan-Gibbs-White,eng ENG,MFFW,Wolves,19,2000,1.4,77,75,2,1,1,17,0,3,0,0,0,0,44,17,16,2,64,5,1,2,62,1,2,1,0,Matches
158,Billy Gilmour\Billy-Gilmour,sco SCO,MF,Chelsea,18,2001,1.1,90,89,1,1,0,28,2,1,0,0,0,0,65,15,10,5,77,7,0,0,80,0,1,0,1,Matches
159,Olivier Giroud\Olivier-Giroud,fr FRA,FW,Chelsea,32,1986,4.9,142,131,11,0,1,48,0,2,0,0,0,0,61,56,25,85,20,14,0,8,103,0,1,4,6,Matches
160,Ben Godfrey\Ben-Godfrey,eng ENG,DF,Norwich City,21,1998,20.4,1128,1096,32,23,1,185,45,3,0,0,0,0,895,113,120,108,962,33,9,2,1015,1,17,17,10,Matches
161,André Gomes\Andre-Gomes,pt POR,MF,Everton,26,1993,8.8,460,445,15,8,0,71,37,5,0,0,0,0,309,63,88,124,312,16,2,2,384,2,15,9,10,Matches
162,Angel Gomes\Angel-Gomes,eng ENG,MF,Manchester Utd,18,2000,0.2,13,13,0,0,1,0,1,0,0,0,0,0,10,0,3,0,13,0,0,0,11,0,2,0,0,Matches
163,Joe Gomez\Joe-Gomez,eng ENG,DF,Liverpool,22,1997,14.2,1251,1225,26,19,0,142,36,7,0,0,0,0,956,135,160,94,1066,50,7,1,1117,2,11,3,9,Matches
164,Anthony Gordon\Anthony-Gordon,eng ENG,MFFW,Everton,18,2001,0.7,14,13,1,0,0,1,0,0,0,0,0,0,14,0,0,0,14,0,0,0,12,0,0,1,1,Matches
165,Dan Gosling\Dan-Gosling,eng ENG,MF,Bournemouth,29,1990,9.8,359,352,7,3,0,102,4,1,0,0,0,0,228,79,52,29,297,18,1,2,284,1,10,8,16,Matches
166,Andre Gray\Andre-Gray,eng ENG,FW,Watford,28,1991,8.0,143,135,8,0,1,48,1,4,0,0,0,0,90,36,17,30,95,6,0,5,94,0,3,6,14,Matches
167,Demarai Gray\Demarai-Gray,eng ENG,MFFW,Leicester City,23,1996,4.6,193,189,4,2,2,47,2,13,1,0,0,0,154,28,11,16,170,1,1,5,165,2,1,2,9,Matches
168,Jack Grealish\Jack-Grealish,eng ENG,FWMF,Aston Villa,23,1995,25.9,1154,998,156,56,4,288,61,97,59,38,3,8,815,154,185,77,1024,14,24,6,911,5,14,27,39,Matches
169,Mason Greenwood\Mason-Greenwood,eng ENG,FWMF,Manchester Utd,17,2001,7.2,229,227,2,0,0,59,7,9,1,0,0,0,181,24,24,179,42,5,0,0,187,0,4,5,10,Matches
170,Arnaut Groeneveld\Arnaut-Groeneveld,nl NED,MF,Bournemouth,22,1997,4.5,159,158,1,0,0,50,4,6,0,0,0,0,108,34,17,24,125,8,1,0,124,1,3,5,12,Matches
171,Pascal Groß\Pascal-Gross,de GER,MFFW,Brighton,28,1991,16.6,892,787,105,34,2,187,54,117,62,17,24,15,534,140,218,158,698,17,2,4,668,8,13,15,35,Matches
172,Vicente Guaita\Vicente-Guaita,es ESP,GK,Crystal Palace,32,1987,27.0,837,548,289,69,0,93,25,0,0,0,0,0,236,53,548,67,578,1,1,121,455,4,42,0,0,Matches
173,Mattéo Guendouzi\Matteo-Guendouzi,fr FRA,MF,Arsenal,20,1999,17.7,1079,1048,31,22,2,216,28,6,1,0,0,0,873,105,101,58,972,33,8,5,958,3,6,17,31,Matches
174,Frederic Guilbert\Frederic-Guilbert,fr FRA,DF,Aston Villa,24,1994,21.1,977,776,201,12,1,133,24,87,1,0,0,0,426,215,336,88,609,66,188,6,655,7,32,17,49,Matches
175,İlkay Gündoğan\Ilkay-Gundogan,de GER,MF,Manchester City,28,1990,17.7,1536,1484,52,20,9,304,35,29,22,9,4,2,1168,205,163,400,1077,39,5,2,1389,2,12,20,18,Matches
176,Angus Gunn\Angus-Gunn,eng ENG,GK,Southampton,23,1996,10.0,256,144,112,33,0,19,9,0,0,0,0,0,58,11,187,8,202,0,0,24,111,0,10,2,0,Matches
177,Sébastien Haller\Sebastien-Haller,fr FRA,FW,West Ham,25,1994,23.9,724,694,30,0,2,304,4,8,0,0,0,0,323,189,212,79,411,57,0,22,488,2,8,20,26,Matches
178,Grant Hanley\Grant-Hanley,sco SCO,DF,Norwich City,27,1991,14.0,639,606,33,33,0,97,21,0,0,0,0,0,464,64,111,66,527,32,0,1,538,2,14,4,6,Matches
179,Kortney Hause\Kortney-Hause,eng ENG,DF,Aston Villa,24,1995,11.0,593,557,36,15,0,113,13,0,0,0,0,0,308,105,180,429,52,45,21,1,439,3,16,12,14,Matches
180,Isaac Hayden\Isaac-Hayden,eng ENG,MF,Newcastle Utd,24,1995,21.9,708,661,47,14,3,180,12,36,0,0,0,0,454,103,151,88,521,46,12,5,523,2,13,14,33,Matches
181,Tom Heaton\Tom-Heaton,eng ENG,GK,Aston Villa,33,1986,19.9,614,342,272,76,0,62,17,0,0,0,0,0,210,22,382,28,461,1,0,95,350,2,22,1,0,Matches
182,Dean Henderson\Dean-Henderson,eng ENG,GK,Sheffield Utd,22,1997,27.0,774,484,290,90,0,62,21,0,0,0,0,0,90,52,632,43,561,0,0,75,305,3,45,0,5,Matches
183,Jordan Henderson\Jordan-Henderson,eng ENG,MF,Liverpool,29,1990,21.0,1585,1546,39,14,10,244,60,52,1,0,0,0,1025,235,325,169,1323,59,13,3,1333,4,17,12,34,Matches
184,Jeff Hendrick\Jeff-Hendrick,ie IRL,MF,Burnley,27,1992,21.5,575,548,27,3,0,135,12,31,6,6,0,0,370,78,127,60,461,29,7,6,419,5,16,11,40,Matches
185,Wayne Hennessey\Wayne-Hennessey,wal WAL,GK,Crystal Palace,32,1987,2.0,66,32,34,11,0,3,1,0,0,0,0,0,10,0,56,6,52,0,0,4,32,1,3,0,0,Matches
186,Javier Hernández\Javier-Hernandez,mx MEX,FW,West Ham,31,1988,1.2,22,18,4,0,0,3,0,1,0,0,0,0,17,3,2,6,14,1,0,1,19,0,0,0,1,Matches
187,Onel Hernández\Onel-Hernandez,cu CUB,FWMF,Norwich City,26,1993,8.4,192,186,6,0,1,58,2,18,1,0,0,0,143,30,19,42,143,2,4,1,131,0,1,6,15,Matches
188,Son Heung-min\Son-Heung-min,kr KOR,FW,Tottenham,27,1992,19.4,577,532,45,6,5,151,19,39,18,8,5,1,423,99,55,85,458,10,15,3,473,1,6,7,34,Matches
189,Rob Holding\Rob-Holding,eng ENG,DFFW,Arsenal,23,1995,1.0,43,43,0,0,0,10,2,0,0,0,0,0,34,1,8,10,31,2,0,0,35,0,3,1,0,Matches
190,José Holebas\Jose-Holebas,gr GRE,DF,Watford,35,1984,11.2,589,413,176,17,0,81,31,66,35,12,16,5,249,129,211,366,48,31,124,0,422,1,11,9,11,Matches
191,Mason Holgate\Mason-Holgate,eng ENG,DF,Everton,22,1996,19.2,829,798,31,21,0,111,34,2,0,0,0,0,592,92,145,125,634,44,10,0,706,1,19,8,10,Matches
192,Nathan Holland\Nathan-Holland,eng ENG,MF,West Ham,21,1998,0.3,14,13,1,0,0,4,0,2,0,0,0,0,9,4,1,0,13,0,1,0,11,0,0,0,1,Matches
193,Conor Hourihane\Conor-Hourihane,ie IRL,MF,Aston Villa,28,1991,10.5,436,353,83,41,2,60,18,50,24,9,5,0,308,59,69,380,40,7,6,0,347,2,9,7,12,Matches
194,Callum Hudson-Odoi\Callum-Hudson-Odoi,eng ENG,FW,Chelsea,18,2000,8.6,436,410,26,2,1,133,29,56,17,5,7,0,275,73,88,54,355,16,7,1,351,2,12,7,14,Matches
195,Will Hughes\Will-Hughes,eng ENG,MF,Watford,24,1995,16.8,597,567,30,11,1,117,9,33,18,12,1,2,360,135,102,455,98,28,1,4,432,4,10,18,20,Matches
196,Pierre Højbjerg\Pierre-Hojbjerg,dk DEN,MF,Southampton,23,1995,27.2,1541,1494,47,33,2,321,41,27,1,0,0,0,942,265,334,270,1097,118,9,15,1192,3,50,14,30,Matches
197,Jordon Ibe\Jordon-Ibe,eng ENG,DF,Bournemouth,23,1995,0.5,22,18,4,1,0,4,1,3,1,0,1,0,13,3,6,5,13,2,2,0,17,0,0,0,2,Matches
198,Adam Idah\Adam-Idah,ie IRL,FW,Norwich City,18,2001,0.8,6,6,0,0,0,4,0,0,0,0,0,0,1,4,1,1,4,1,0,0,3,0,0,0,1,Matches
199,Odion Ighalo\Odion-Ighalo,ng NGA,FW,Manchester Utd,30,1989,0.3,10,10,0,0,0,3,0,0,0,0,0,0,7,2,1,2,8,0,0,0,9,0,0,0,0,Matches
200,Kelechi Iheanacho\Kelechi-Iheanacho,ng NGA,FW,Leicester City,22,1996,6.5,145,140,5,0,6,48,2,1,0,0,0,0,118,21,6,122,19,2,0,2,119,0,2,5,12,Matches
201,Danny Ings\Danny-Ings,eng ENG,FW,Southampton,27,1992,22.3,441,428,13,0,1,118,11,17,0,0,0,0,218,108,115,55,337,32,0,4,272,6,17,13,24,Matches
202,Alex Iwobi\Alex-Iwobi,ng NGA,MFFW,Everton,23,1996,13.0,448,443,5,1,5,97,17,32,1,0,0,0,306,76,66,49,388,4,0,3,339,3,7,13,26,Matches
203,Phil Jagielka\Phil-Jagielka,eng ENG,DF,Sheffield Utd,36,1982,1.4,37,36,1,0,0,7,2,1,0,0,0,0,19,6,12,4,28,1,1,0,29,0,3,0,1,Matches
204,Alireza Jahanbakhsh\Alireza-Jahanbakhsh,ir IRN,FWMF,Brighton,25,1993,3.2,129,125,4,0,0,18,2,23,1,0,0,0,78,30,21,15,106,4,3,1,78,0,5,3,9,Matches
205,Daniel James\Daniel-James,wal WAL,FW,Manchester Utd,21,1997,24.2,739,726,13,4,3,175,20,88,3,1,1,0,538,110,91,93,626,12,4,1,534,3,18,14,56,Matches
206,Matty James\Matty-James,eng ENG,MF,Leicester City,28,1991,0.1,6,6,0,0,0,2,0,0,0,0,0,0,5,1,0,1,5,0,0,0,6,0,0,0,0,Matches
207,Reece James\Reece-James,eng ENG,DF,Chelsea,19,1999,11.8,871,722,149,22,2,146,21,78,9,4,5,0,541,166,164,59,658,19,118,4,728,1,18,6,28,Matches
208,Daryl Janmaat\Daryl-Janmaat,nl NED,DF,Watford,30,1989,6.8,341,287,54,1,0,64,9,23,0,0,0,0,173,90,78,43,237,8,53,0,257,0,7,4,17,Matches
209,Gabriel Jesus\Gabriel-Jesus,br BRA,FW,Manchester City,22,1997,14.9,402,386,16,0,0,110,3,5,1,0,0,0,295,72,35,49,315,11,4,5,352,1,5,9,13,Matches
210,Raúl Jiménez\Raul-Jimenez,mx MEX,FW,Wolves,28,1991,27.4,746,714,32,2,6,234,28,15,0,0,0,0,380,224,142,44,590,31,11,36,552,1,15,25,36,Matches
211,Joelinton\Joelinton,br BRA,FW,Newcastle Utd,22,1996,24.9,648,613,35,1,3,267,8,4,0,0,0,0,386,149,113,93,395,52,2,14,521,3,11,7,16,Matches
212,Curtis Jones\Curtis-Jones,eng ENG,MF,Liverpool,18,2001,0.2,23,23,0,0,0,8,0,0,0,0,0,0,21,1,1,4,19,0,0,0,22,0,0,0,0,Matches
213,Phil Jones\Phil-Jones,eng ENG,DF,Manchester Utd,27,1992,1.5,89,86,3,2,0,22,3,1,0,0,0,0,67,14,8,7,73,3,1,2,79,0,2,1,1,Matches
214,Jorginho\Jorginho,it ITA,MF,Chelsea,27,1991,22.4,1836,1786,50,45,4,389,50,7,0,0,0,0,1259,279,298,106,1672,40,5,5,1606,6,14,19,17,Matches
215,Jota\Jota,es ESP,FWMF,Aston Villa,28,1991,3.5,86,82,4,2,2,23,1,0,0,0,0,0,57,14,15,73,9,2,2,0,66,1,1,2,2,Matches
216,Diogo Jota\Diogo-Jota,pt POR,FWMF,Wolves,22,1996,19.7,655,624,31,0,0,167,18,27,1,0,0,0,438,131,86,207,411,17,4,2,511,4,12,14,41,Matches
217,James Justin\James-Justin,eng ENG,DF,Leicester City,21,1998,2.2,173,135,38,2,0,29,1,5,0,0,0,0,95,49,29,28,98,8,36,0,141,0,2,1,5,Matches
218,Christian Kabasele\Christian-Kabasele,be BEL,DF,Watford,28,1991,17.5,465,457,8,7,0,82,19,0,0,0,0,0,247,80,138,36,374,35,1,1,356,0,11,7,6,Matches
219,Harry Kane\Harry-Kane,eng ENG,FW,Tottenham,26,1993,19.8,424,401,23,4,5,138,13,19,0,0,0,0,221,122,81,40,315,20,5,7,284,1,12,11,22,Matches
220,N'Golo Kanté\NGolo-Kante,fr FRA,MF,Chelsea,28,1991,15.4,859,854,5,4,0,200,11,23,0,0,0,0,620,136,103,119,690,33,0,6,720,5,11,17,30,Matches
221,Moise Kean\Moise-Kean,it ITA,FWMF,Everton,19,2000,7.5,120,115,5,1,1,29,2,10,0,0,0,0,75,31,14,20,86,4,1,7,88,0,2,4,11,Matches
222,Michael Keane\Michael-Keane,eng ENG,DF,Everton,26,1993,19.4,860,826,34,30,1,145,30,0,0,0,0,0,577,114,169,132,615,59,4,3,708,4,23,7,6,Matches
223,Naby Keïta\Naby-Keita,gn GUI,MF,Liverpool,24,1995,4.1,314,308,6,1,3,57,4,1,2,0,0,0,245,47,22,41,258,11,2,0,285,0,0,7,6,Matches
224,Martin Kelly\Martin-Kelly,eng ENG,DF,Crystal Palace,29,1990,17.2,670,542,128,13,0,124,9,20,0,0,0,0,337,144,189,65,448,28,115,1,493,3,16,20,19,Matches
225,Max Kilman\Max-Kilman,eng ENG,DF,Wolves,22,1997,2.0,90,90,0,0,0,14,1,0,0,0,0,0,67,9,14,76,6,4,0,1,72,2,1,1,1,Matches
226,Joshua King\Joshua-King,no NOR,FWMF,Bournemouth,27,1992,16.3,369,362,7,1,1,114,3,19,1,0,0,0,234,79,56,34,293,10,1,5,260,1,7,12,26,Matches
227,Jonathan Kodjia\Jonathan-Kodjia,ci CIV,FWMF,Aston Villa,29,1989,1.2,30,24,6,0,0,7,0,0,0,0,0,0,21,4,5,2,24,1,0,0,19,0,1,1,1,Matches
228,Sead Kolašinac\Sead-Kolasinac,ba BIH,DF,Arsenal,26,1993,12.3,652,562,90,1,0,123,10,27,0,0,0,0,412,114,126,443,67,41,89,3,541,3,12,11,18,Matches
229,Ezri Konsa\Ezri-Konsa,eng ENG,DF,Aston Villa,21,1998,13.3,507,474,33,9,0,76,7,2,0,0,0,0,335,61,111,45,388,25,24,5,418,0,13,5,10,Matches
230,Cheikhou Kouyaté\Cheikhou-Kouyate,sn SEN,MF,Crystal Palace,29,1989,22.1,652,642,10,6,0,168,4,13,0,0,0,0,425,112,115,55,489,50,4,10,496,1,13,13,24,Matches
231,Mateo Kovačić\Mateo-Kovacic,hr CRO,MF,Chelsea,25,1994,18.7,1561,1520,41,36,5,294,71,7,0,0,0,0,1215,188,158,67,1461,20,5,4,1402,3,11,23,17,Matches
232,Emil Krafth\Emil-Krafth,se SWE,DF,Newcastle Utd,24,1994,6.3,226,174,52,3,0,31,2,13,0,0,0,0,118,46,62,18,153,4,49,1,160,3,3,8,12,Matches
233,Tim Krul\Tim-Krul,nl NED,GK,Norwich City,31,1988,27.0,1095,788,307,80,0,195,31,0,0,0,0,0,468,103,524,687,215,1,1,136,718,1,34,5,4,Matches
234,Alexandre Lacazette\Alexandre-Lacazette,fr FRA,FW,Arsenal,28,1991,14.6,354,327,27,0,4,95,5,14,0,0,0,0,233,77,44,53,287,5,0,4,270,0,11,8,18,Matches
235,Adam Lallana\Adam-Lallana,eng ENG,MFFW,Liverpool,31,1988,4.1,270,268,2,1,0,48,4,3,0,0,0,0,204,38,28,77,170,13,1,3,229,2,0,4,9,Matches
236,Érik Lamela\Erik-Lamela,ar ARG,MFFW,Tottenham,27,1992,10.4,472,424,48,8,1,117,21,44,36,24,7,1,336,61,75,412,45,10,1,4,364,2,5,13,17,Matches
237,Tariq Lamptey\Tariq-Lamptey,eng ENG,DF,Chelsea,18,2000,0.3,14,9,5,0,1,0,0,2,0,0,0,0,5,4,5,4,5,0,5,0,12,0,0,0,2,Matches
238,Henri Lansbury\Henri-Lansbury,eng ENG,MF,Aston Villa,28,1990,2.1,81,80,1,0,0,15,6,1,0,0,0,0,46,15,20,7,62,10,0,1,60,0,3,1,3,Matches
239,Manuel Lanzini\Manuel-Lanzini,ar ARG,MFFW,West Ham,26,1993,13.2,707,648,59,17,3,143,29,39,31,16,11,1,512,105,90,79,601,14,2,8,594,3,11,15,12,Matches
240,Aymeric Laporte\Aymeric-Laporte,fr FRA,DF,Manchester City,25,1994,5.6,497,483,14,10,0,89,14,0,0,0,0,0,399,48,50,363,95,22,4,4,465,0,1,0,5,Matches
241,Jamaal Lascelles\Jamaal-Lascelles,eng ENG,DF,Newcastle Utd,25,1993,18.1,561,550,11,11,1,90,14,0,0,0,0,0,379,62,120,91,387,60,0,1,460,4,4,7,7,Matches
242,Valentino Lazaro\Valentino-Lazaro,at AUT,DF,Newcastle Utd,23,1996,2.4,110,87,23,4,0,19,4,12,11,1,4,5,60,23,27,11,84,4,8,1,86,1,1,3,2,Matches
243,Moritz Leitner\Moritz-Leitner,de GER,MF,Norwich City,26,1992,7.6,553,527,26,20,2,96,15,5,1,1,0,0,434,60,59,88,449,5,4,3,472,5,7,7,13,Matches
244,Florian Lejeune\Florian-Lejeune,fr FRA,DF,Newcastle Utd,28,1991,4.9,187,169,18,6,0,41,8,2,0,0,0,0,106,23,58,40,120,7,12,0,136,0,7,3,2,Matches
245,Aaron Lennon\Aaron-Lennon,eng ENG,MF,Burnley,32,1987,5.4,131,129,2,0,0,32,5,8,1,1,0,0,91,21,19,11,112,4,1,0,92,0,3,2,10,Matches
246,Bernd Leno\Bernd-Leno,de GER,GK,Arsenal,27,1992,28.0,928,631,297,56,0,123,18,0,0,0,0,0,572,45,311,149,581,4,0,168,694,2,20,3,1,Matches
247,Jefferson Lerma\Jefferson-Lerma,co COL,MF,Bournemouth,24,1994,21.6,1025,997,28,23,0,228,28,5,0,0,0,0,617,174,234,102,811,82,5,0,818,2,24,18,18,Matches
248,Jamal Lewis\Jamal-Lewis,nir NIR,DF,Norwich City,21,1998,16.6,910,731,179,10,1,163,11,22,0,0,0,0,544,239,127,627,89,17,169,1,722,3,17,27,37,Matches
249,Victor Lindelöf\Victor-Lindelof,se SWE,DF,Manchester Utd,25,1994,26.0,1438,1388,50,39,2,230,20,2,0,0,0,0,1102,150,186,191,1131,60,11,10,1245,1,27,19,16,Matches
250,Jesse Lingard\Jesse-Lingard,eng ENG,MFFW,Manchester Utd,26,1992,9.9,391,371,20,3,1,78,4,6,2,0,0,0,310,53,28,16,352,8,6,8,334,3,5,8,11,Matches
251,Hugo Lloris\Hugo-Lloris,fr FRA,GK,Tottenham,32,1986,11.1,337,238,99,18,0,36,8,0,0,0,0,0,161,25,151,191,72,0,0,56,247,2,6,0,0,Matches
252,Giovani Lo Celso\Giovani-Lo-Celso,ar ARG,MFFW,Tottenham,23,1996,9.7,564,518,46,22,2,114,28,29,21,5,8,3,386,87,91,483,59,11,3,4,464,1,4,12,12,Matches
253,Jürgen Locadia\Jurgen-Locadia,nl NED,MFFW,Brighton,25,1993,1.0,19,19,0,0,0,10,0,1,0,0,0,0,11,3,5,2,14,2,0,0,9,1,0,0,3,Matches
254,Kevin Long\Kevin-Long,ie IRL,MF,Burnley,28,1990,0.0,3,3,0,0,0,2,0,0,0,0,0,0,0,3,0,0,1,1,0,0,1,0,0,0,0,Matches
255,Shane Long\Shane-Long,ie IRL,FW,Southampton,32,1987,12.7,341,336,5,0,0,147,8,17,0,0,0,0,110,128,103,41,151,47,1,22,188,1,15,4,24,Matches
256,Matthew Longstaff\Matthew-Longstaff,eng ENG,MF,Newcastle Utd,19,2000,6.1,225,221,4,3,0,31,5,2,0,0,0,0,153,27,45,20,190,12,0,0,183,0,4,5,4,Matches
257,Sean Longstaff\Sean-Longstaff,eng ENG,MF,Newcastle Utd,21,1997,14.4,634,582,52,39,1,112,33,30,11,5,3,0,409,91,134,108,462,50,1,3,495,1,15,7,13,Matches
258,Dejan Lovren\Dejan-Lovren,hr CRO,DF,Liverpool,30,1989,8.4,587,573,14,13,1,63,15,1,0,0,0,0,401,77,109,113,420,40,1,1,517,0,12,3,5,Matches
259,Matthew Lowton\Matthew-Lowton,eng ENG,DF,Burnley,30,1989,15.0,648,499,149,10,2,133,20,42,0,0,0,0,262,144,242,45,429,26,139,2,440,4,18,17,19,Matches
260,David Luiz\David-Luiz,br BRA,DF,Arsenal,32,1987,24.3,1361,1283,78,75,5,233,63,4,0,0,0,0,976,137,248,335,967,37,3,9,1175,6,26,9,14,Matches
261,Douglas Luiz\Douglas-Luiz,br BRA,MF,Aston Villa,21,1998,19.0,822,785,37,22,1,134,36,17,2,0,1,0,481,175,166,83,663,46,4,9,672,1,15,12,9,Matches
262,John Lundstram\John-Lundstram,eng ENG,MF,Sheffield Utd,25,1994,23.0,999,979,20,6,4,240,42,49,3,2,0,1,626,194,179,261,672,43,3,6,806,8,23,17,27,Matches
263,Alexis Mac Allister\Alexis-Mac-Allister,ar ARG,FW,Brighton,20,1998,0.1,9,6,3,3,0,0,1,3,0,0,0,0,5,0,4,1,8,0,0,0,5,0,0,0,0,Matches
264,James Maddison\James-Maddison,eng ENG,MF,Leicester City,22,1996,26.7,1511,1278,233,76,16,237,85,201,144,41,68,14,941,225,345,150,1311,28,7,10,1156,8,25,35,31,Matches
265,Harry Maguire\Harry-Maguire,eng ENG,DF,Manchester Utd,26,1993,29.0,1737,1675,62,54,1,293,63,2,0,0,0,0,1283,179,275,225,1349,90,8,8,1513,4,38,15,9,Matches
266,Riyad Mahrez\Riyad-Mahrez,dz ALG,FWMF,Manchester City,28,1991,15.4,873,820,53,7,17,179,38,68,38,18,3,6,652,106,115,763,84,10,8,1,734,2,14,16,22,Matches
267,Ainsley Maitland-Niles\Ainsley-Maitland-Niles,eng ENG,DF,Arsenal,21,1997,13.4,889,718,171,16,0,148,12,17,0,0,0,0,554,213,122,114,595,15,155,4,737,1,20,23,27,Matches
268,Sadio Mané\Sadio-Mane,sn SEN,FW,Liverpool,27,1992,23.2,852,834,18,7,10,195,18,33,0,0,0,0,563,179,110,165,622,31,9,11,680,2,12,21,38,Matches
269,Javier Manquillo\Javier-Manquillo,es ESP,DF,Newcastle Utd,25,1994,10.7,351,276,75,3,0,72,11,31,0,0,0,0,158,75,118,20,227,22,72,2,238,1,9,8,19,Matches
270,Solly March\Solly-March,eng ENG,DFFW,Brighton,25,1994,9.8,492,427,65,7,0,115,20,46,8,6,0,1,277,94,121,379,38,19,47,3,365,1,11,10,24,Matches
271,Pablo Marí\Pablo-Mari,es ESP,DF,Arsenal,25,1993,1.0,74,73,1,1,0,3,2,0,0,0,0,0,49,12,13,70,4,0,0,0,67,0,1,0,1,Matches
272,Adrian Mariappa\Adrian-Mariappa,jm JAM,DF,Watford,32,1986,13.6,462,362,100,6,0,67,11,17,0,0,0,0,206,91,165,39,289,27,94,0,336,2,15,5,7,Matches
273,Anthony Martial\Anthony-Martial,fr FRA,FW,Manchester Utd,23,1995,20.9,516,494,22,1,4,158,1,8,0,0,0,0,421,65,30,81,404,9,3,5,414,1,4,8,31,Matches
274,David Martin\David-Martin,eng ENG,GK,West Ham,33,1986,4.8,124,61,63,19,0,14,1,0,0,0,0,0,14,5,105,1,98,0,0,10,55,0,0,1,0,Matches
275,Martinelli\Martinelli,br BRA,FW,Arsenal,18,2001,7.3,138,136,2,1,1,41,1,22,0,0,0,0,78,32,28,23,102,7,1,1,86,0,0,5,13,Matches
276,Adam Masina\Adam-Masina,it ITA,DF,Watford,25,1994,13.6,641,500,141,12,0,124,27,48,8,5,1,1,235,122,284,402,43,44,121,2,406,2,18,8,20,Matches
277,Arthur Masuaku\Arthur-Masuaku,cd COD,DF,West Ham,25,1993,10.1,569,481,88,8,1,135,17,25,0,0,0,0,367,110,92,429,33,23,80,0,455,2,7,10,26,Matches
278,Juan Mata\Juan-Mata,es ESP,MFFW,Manchester Utd,31,1988,8.1,493,466,27,8,2,114,10,22,8,4,1,2,355,65,73,417,61,4,6,2,420,1,3,6,14,Matches
279,Nemanja Matić\Nemanja-Matic,rs SRB,MF,Manchester Utd,30,1988,10.7,652,639,13,9,1,151,19,3,0,0,0,0,489,74,89,529,79,25,4,3,556,1,10,13,14,Matches
280,Joël Matip\Joel-Matip,cm CMR,DF,Liverpool,27,1991,7.0,452,438,14,11,0,63,12,1,0,0,0,0,338,52,62,49,367,23,3,1,388,0,14,7,3,Matches
281,Neal Maupay\Neal-Maupay,fr FRA,FW,Brighton,22,1996,23.5,536,485,51,3,3,151,9,8,0,0,0,0,380,115,41,97,390,19,10,11,423,6,8,17,22,Matches
282,James McArthur\James-McArthur,sco SCO,MF,Crystal Palace,31,1987,27.0,1102,1047,55,4,3,301,13,27,1,0,0,0,734,168,200,259,741,47,26,5,860,3,29,21,45,Matches
283,Oliver McBurnie\Oliver-McBurnie,sco SCO,FW,Sheffield Utd,23,1996,15.9,436,427,9,0,0,186,2,6,0,0,0,0,191,120,125,17,235,69,2,13,285,3,3,11,20,Matches
284,Alex McCarthy\Alex-McCarthy,eng ENG,GK,Southampton,29,1989,19.0,506,313,193,71,0,58,20,0,0,0,0,0,109,31,366,37,350,0,0,51,255,3,23,1,2,Matches
285,James McCarthy\James-McCarthy,ie IRL,MF,Crystal Palace,28,1990,13.0,526,480,46,25,0,104,29,23,14,8,4,2,290,92,144,145,330,32,4,8,399,3,17,9,18,Matches
286,John McGinn\John-McGinn,sco SCO,MF,Aston Villa,24,1994,17.1,569,512,57,23,3,134,50,47,19,12,4,1,333,83,153,418,119,14,2,4,433,6,9,9,17,Matches
287,David McGoldrick\David-McGoldrick,ie IRL,FW,Sheffield Utd,31,1987,15.1,441,438,3,0,3,132,10,7,0,0,0,0,283,82,76,44,319,28,1,6,329,8,13,8,14,Matches
288,Michael McGovern\Michael-McGovern,nir NIR,GK,Norwich City,35,1984,1.8,51,32,19,5,0,5,2,0,0,0,0,0,24,1,26,4,36,0,0,10,31,0,1,0,0,Matches
289,Kenny McLean\Kenny-McLean,sco SCO,MF,Norwich City,27,1992,25.4,1302,1237,65,29,4,322,40,46,18,8,10,0,802,273,227,923,236,57,16,7,1010,5,29,28,32,Matches
290,Dwight McNeil\Dwight-McNeil,eng ENG,MF,Burnley,19,1999,28.2,915,815,100,45,3,236,79,192,48,43,1,2,524,107,284,822,36,30,7,2,614,8,16,17,53,Matches
291,Scott McTominay\Scott-McTominay,sco SCO,MF,Manchester Utd,22,1996,17.2,825,802,23,22,2,143,42,12,0,0,0,0,604,94,127,32,732,35,1,4,663,2,14,19,21,Matches
292,Ben Mee\Ben-Mee,eng ENG,DF,Burnley,29,1989,29.0,1028,979,49,44,0,197,34,2,0,0,0,0,563,134,331,792,119,62,5,3,766,5,31,6,11,Matches
293,Benjamin Mendy\Benjamin-Mendy,fr FRA,DF,Manchester City,25,1994,12.4,1002,908,94,11,0,131,25,72,0,0,0,0,698,184,120,819,79,16,83,0,861,4,10,16,26,Matches
294,Nampalys Mendy\Nampalys-Mendy,fr FRA,MF,Leicester City,27,1992,2.2,133,132,1,1,0,22,2,2,0,0,0,0,108,10,15,15,113,4,0,0,123,1,1,1,1,Matches
295,Chris Mepham\Chris-Mepham,wal WAL,DF,Bournemouth,21,1997,10.0,468,460,8,8,0,84,12,2,0,0,0,0,352,35,81,55,363,29,0,4,399,1,12,4,4,Matches
296,Max Meyer\Max-Meyer,de GER,MFFW,Crystal Palace,23,1995,6.1,163,161,2,1,1,49,0,7,0,0,0,0,118,28,17,54,99,8,1,0,121,1,0,7,14,Matches
297,Luka Milivojević\Luka-Milivojevic,rs SRB,MF,Crystal Palace,28,1991,22.1,1196,981,215,121,1,200,91,128,87,52,24,5,690,166,340,146,972,45,4,11,910,2,29,18,14,Matches
298,James Milner\James-Milner,eng ENG,MFDF,Liverpool,33,1986,8.4,632,581,51,11,3,101,25,17,7,3,1,1,423,117,92,68,516,13,23,3,540,3,10,9,10,Matches
299,Yerry Mina\Yerry-Mina,co COL,DF,Everton,24,1994,23.2,1127,1093,34,33,0,196,49,4,0,0,0,0,795,129,203,139,879,72,1,1,964,3,17,12,9,Matches
300,Takumi Minamino\Takumi-Minamino,jp JPN,FWMF,Liverpool,24,1995,0.9,39,39,0,0,0,16,2,2,0,0,0,0,31,2,6,8,29,1,0,0,37,0,1,0,0,Matches
301,Tyrone Mings\Tyrone-Mings,eng ENG,DF,Aston Villa,26,1993,22.3,979,942,37,35,2,166,41,7,0,0,0,0,689,96,194,797,109,45,2,3,800,2,25,13,17,Matches
302,Henrikh Mkhitaryan\Henrikh-Mkhitaryan,am ARM,FW,Arsenal,30,1989,1.2,77,73,4,1,2,13,3,4,2,0,2,0,62,6,9,20,52,2,1,0,58,2,3,0,5,Matches
303,Nacho Monreal\Nacho-Monreal,es ESP,DF,Arsenal,33,1986,3.0,201,175,26,1,0,41,1,4,0,0,0,0,145,38,18,162,11,1,25,1,182,1,0,1,5,Matches
304,Martín Montoya\Martin-Montoya,es ESP,DF,Brighton,28,1991,19.0,1162,941,221,11,0,193,34,41,1,0,1,0,590,304,268,129,771,42,209,1,935,2,6,30,38,Matches
305,Simon Moore\Simon-Moore,eng ENG,GK,Sheffield Utd,29,1990,1.0,22,12,10,5,0,1,2,0,0,0,0,0,3,0,19,3,12,0,0,2,6,0,1,1,0,Matches
306,Aaron Mooy\Aaron-Mooy,au AUS,MFFW,Brighton,28,1990,18.4,896,825,71,17,3,198,37,91,47,19,20,7,553,156,187,151,709,20,6,3,682,5,14,16,35,Matches
307,Wesley Moraes\Wesley-Moraes,br BRA,FW,Aston Villa,22,1996,19.9,377,361,16,0,0,115,12,7,0,0,0,0,221,94,62,16,282,33,2,10,277,3,6,6,11,Matches
308,Wes Morgan\Wes-Morgan,jm JAM,DF,Leicester City,35,1984,1.8,81,80,1,1,0,12,0,0,0,0,0,0,68,5,8,9,70,1,0,1,71,1,0,0,1,Matches
309,Ravel Morrison\Ravel-Morrison,eng ENG,MF,Sheffield Utd,26,1993,0.1,6,6,0,0,0,2,0,0,0,0,0,0,5,1,0,1,5,0,0,0,4,0,0,1,1,Matches
310,Mason Mount\Mason-Mount,eng ENG,MFFW,Chelsea,20,1999,25.6,1073,942,131,44,2,207,48,113,75,31,14,10,746,155,172,120,912,21,7,5,859,4,14,12,36,Matches
311,Lucas Moura\Lucas-Moura,br BRA,FWMF,Tottenham,26,1992,18.7,577,563,14,5,2,168,3,13,4,2,1,0,374,120,83,58,456,30,2,2,424,1,4,18,26,Matches
312,Lys Mousset\Lys-Mousset,fr FRA,FW,Sheffield Utd,23,1996,11.3,205,198,7,0,1,64,1,4,0,0,0,0,148,37,20,21,162,10,1,4,160,0,4,4,7,Matches
313,João Moutinho\Joao-Moutinho,pt POR,MF,Wolves,32,1986,27.1,1581,1322,259,115,6,284,101,177,134,25,59,12,770,339,472,98,1390,70,5,5,1248,4,23,24,31,Matches
314,Glenn Murray\Glenn-Murray,eng ENG,FW,Brighton,35,1983,7.8,164,157,7,1,1,48,3,3,0,0,0,0,80,46,38,15,112,12,2,7,109,0,4,1,9,Matches
315,Shkodran Mustafi\Shkodran-Mustafi,de GER,DF,Arsenal,27,1992,6.9,410,403,7,7,0,66,14,0,0,0,0,0,309,35,66,14,356,27,0,2,343,0,8,2,8,Matches
316,Yoshinori Mutō\Yoshinori-Muto,jp JPN,FWMF,Newcastle Utd,27,1992,2.2,29,27,2,1,0,9,0,1,0,0,0,0,22,6,1,10,18,0,0,1,25,0,0,0,1,Matches
317,Georges-Kévin N'Koudou\Georges-Kevin-NKoudou,fr FRA,FW,Tottenham,24,1995,0.0,0,0,0,0,0,0,0,0,0,0,0,0,0,0,0,0,0,0,0,0,0,0,0,0,0,Matches
318,Marvelous Nakamba\Marvelous-Nakamba,zw ZIM,MF,Aston Villa,25,1994,18.2,709,685,24,20,0,163,17,3,0,0,0,0,534,94,81,565,98,30,3,1,597,2,12,12,11,Matches
319,Wilfred Ndidi\Wilfred-Ndidi,ng NGA,MF,Leicester City,22,1996,21.0,1132,1117,15,15,1,224,41,2,0,0,0,0,780,200,152,123,920,56,0,2,972,1,29,14,17,Matches
320,Tanguy Ndombele\Tanguy-Ndombele,fr FRA,MF,Tottenham,22,1996,10.5,572,552,20,14,0,126,9,11,6,1,1,2,459,61,52,54,504,10,0,1,484,3,7,10,16,Matches
321,Reiss Nelson\Reiss-Nelson,eng ENG,FW,Arsenal,19,1999,5.1,184,171,13,3,1,37,5,17,9,4,4,0,130,29,25,23,157,3,1,0,147,0,2,8,8,Matches
322,Pedro Neto\Pedro-Neto,pt POR,FWMF,Wolves,19,2000,8.1,299,280,19,4,0,75,7,33,7,0,2,0,194,67,38,228,48,13,2,4,221,1,7,7,19,Matches
323,Rúben Neves\Ruben-Neves,pt POR,MF,Wolves,22,1997,25.3,1391,1346,45,31,3,247,110,28,9,3,4,0,778,240,373,109,1188,70,5,4,1101,3,38,15,18,Matches
324,Jeremy Ngakia\Jeremy-Ngakia,eng ENG,DF,West Ham,18,2000,4.0,119,78,41,0,0,31,2,7,0,0,0,0,31,28,60,13,54,6,41,1,67,0,3,7,4,Matches
325,Oumar Niasse\Oumar-Niasse,sn SEN,FW,Everton,29,1990,0.2,5,5,0,0,0,2,0,1,0,0,0,0,3,2,0,1,3,0,0,1,3,0,0,1,0,Matches
326,Eddie Nketiah\Eddie-Nketiah,eng ENG,FW,Arsenal,20,1999,2.8,56,51,5,0,0,12,0,0,0,0,0,0,43,10,3,6,45,2,0,1,44,0,1,2,2,Matches
327,Mark Noble\Mark-Noble,eng ENG,MF,West Ham,32,1987,23.9,1151,1073,78,43,3,222,53,22,6,3,2,0,674,227,250,84,1004,44,7,2,926,7,23,25,36,Matches
328,Oliver Norwood\Oliver-Norwood,nir NIR,MF,Sheffield Utd,28,1991,26.5,1667,1512,155,61,2,299,157,145,88,66,7,5,871,280,516,61,1481,87,6,2,1288,9,61,23,22,Matches
329,Ørjan Nyland\Orjan-Nyland,no NOR,GK,Aston Villa,28,1990,2.0,63,35,28,6,0,3,0,0,0,0,0,0,19,4,40,6,46,0,0,10,37,1,1,1,0,Matches
330,Jack O'Connell\Jack-OConnell,eng ENG,DF,Sheffield Utd,25,1994,28.0,1326,1253,73,24,2,221,58,47,0,0,0,0,763,178,385,1098,50,84,49,4,986,5,37,9,33,Matches
331,Michael Obafemi\Michael-Obafemi,ie IRL,FW,Southampton,19,2000,5.4,115,113,2,0,1,43,0,1,0,0,0,0,76,28,11,12,88,5,0,4,93,0,1,4,7,Matches
332,Angelo Ogbonna\Angelo-Ogbonna,it ITA,DF,West Ham,31,1988,24.0,715,701,14,14,0,147,14,1,0,0,0,0,423,98,194,443,162,57,0,4,555,4,16,1,7,Matches
333,Divock Origi\Divock-Origi,be BEL,FW,Liverpool,24,1995,5.7,157,156,1,0,0,48,11,15,0,0,0,0,94,28,35,23,113,9,0,2,113,1,5,2,4,Matches
334,Ben Osborn\Ben-Osborn,eng ENG,DFMF,Sheffield Utd,24,1994,1.4,69,61,8,0,1,21,1,2,0,0,0,0,35,21,13,51,9,0,8,0,50,1,4,0,3,Matches
335,Nicolás Otamendi\Nicolas-Otamendi,ar ARG,DF,Manchester City,31,1988,15.7,1156,1145,11,8,0,120,29,0,0,0,0,0,984,77,95,77,1020,32,3,4,1076,1,6,11,10,Matches
336,Alex Oxlade-Chamberlain\Alex-Oxlade-Chamberlain,eng ENG,MFFW,Liverpool,25,1993,12.3,566,555,11,1,3,115,28,31,0,0,0,0,343,96,127,72,456,16,6,6,447,2,19,13,18,Matches
337,Mesut Özil\Mesut-Ozil,de GER,MF,Arsenal,30,1988,16.1,891,801,90,30,0,181,17,71,57,15,22,13,644,116,131,778,94,10,0,7,754,5,5,12,22,Matches
338,Emerson Palmieri\Emerson-Palmieri,it ITA,DF,Chelsea,24,1994,11.4,850,718,132,11,2,146,15,54,21,8,3,2,556,150,144,662,43,31,100,1,704,2,9,9,20,Matches
339,Sokratis Papastathopoulos\Sokratis-Papastathopoulos,gr GRE,DF,Arsenal,31,1988,18.9,973,932,41,31,0,150,42,1,0,0,0,0,748,103,122,34,893,17,10,2,873,2,10,5,7,Matches
340,Troy Parrott\Troy-Parrott,ie IRL,MF,Tottenham,17,2002,0.1,5,4,1,0,0,2,0,0,0,0,0,0,3,2,0,2,2,0,1,0,5,0,0,0,0,Matches
341,Rui Patrício\Rui-Patricio,pt POR,GK,Wolves,31,1988,29.0,656,380,276,53,0,41,22,0,0,0,0,0,173,46,437,353,144,2,0,94,416,3,21,4,1,Matches
342,Pedro\Pedro,es ESP,FW,Chelsea,32,1987,7.3,326,323,3,1,3,89,9,21,1,0,1,0,219,61,46,100,208,13,1,3,255,0,5,6,12,Matches
343,Nicolas Pépé\Nicolas-Pepe,ci CIV,FW,Arsenal,24,1995,17.7,683,613,70,9,2,158,27,92,55,21,17,8,487,70,126,582,67,16,6,3,518,1,14,9,34,Matches
344,Andreas Pereira\Andreas-Pereira,br BRA,MFFW,Manchester Utd,23,1996,16.1,745,672,73,23,1,154,30,59,32,13,10,3,499,124,122,86,612,23,9,3,545,3,11,22,27,Matches
345,Ricardo Pereira\Ricardo-Pereira,pt POR,DF,Leicester City,25,1993,28.0,1875,1553,322,17,3,335,20,57,0,0,0,0,1095,399,381,195,1312,41,305,4,1513,3,18,46,67,Matches
346,Roberto Pereyra\Roberto-Pereyra,ar ARG,FWMF,Watford,28,1991,14.7,547,518,29,3,4,109,12,21,15,3,6,1,345,119,83,79,420,29,10,5,451,1,9,15,14,Matches
347,Ayoze Pérez\Ayoze-Perez,es ESP,MFFW,Leicester City,26,1993,17.7,588,579,9,4,6,150,9,24,0,0,0,0,400,125,63,54,492,14,5,11,464,2,8,13,34,Matches
348,Jordan Pickford\Jordan-Pickford,eng ENG,GK,Everton,25,1994,29.0,1036,720,316,116,1,111,58,0,0,0,0,0,369,58,609,646,183,0,0,133,649,5,50,5,0,Matches
349,Brandon Pierrick\Brandon-Pierrick,eng ENG,DF,Crystal Palace,17,2001,0.1,8,8,0,0,0,3,0,2,0,0,0,0,6,2,0,0,8,0,0,0,5,0,0,0,3,Matches
350,Erik Pieters\Erik-Pieters,nl NED,DF,Burnley,30,1988,13.7,657,495,162,10,0,151,15,27,0,0,0,0,300,151,206,429,34,23,152,4,485,2,9,13,27,Matches
351,Daniel Podence\Daniel-Podence,pt POR,MFFW,Wolves,23,1995,0.5,20,20,0,0,0,7,0,1,0,0,0,0,14,4,2,2,16,2,0,0,16,1,0,1,1,Matches
352,Paul Pogba\Paul-Pogba,fr FRA,MF,Manchester Utd,26,1993,5.8,458,442,16,15,5,138,25,2,0,0,0,0,326,62,70,62,373,10,1,3,381,2,7,6,13,Matches
353,Nick Pope\Nick-Pope,eng ENG,GK,Burnley,27,1992,29.0,897,543,354,128,1,89,26,0,1,1,0,0,148,53,696,50,636,2,1,123,402,7,44,4,4,Matches
354,Dennis Praet\Dennis-Praet,be BEL,MF,Leicester City,25,1994,10.8,447,442,5,3,2,87,10,16,0,0,0,0,300,76,71,35,375,31,2,2,371,1,6,6,16,Matches
355,Sebastian Prödl\Sebastian-Prodl,at AUT,DF,Watford,32,1987,0.6,10,10,0,0,0,2,0,0,0,0,0,0,3,2,5,1,6,1,0,0,6,0,1,0,0,Matches
356,Davy Pröpper\Davy-Propper,nl NED,MF,Brighton,27,1991,26.0,1552,1529,23,16,5,292,25,32,0,0,0,0,1140,239,173,128,1349,55,4,6,1308,4,27,34,41,Matches
357,Teemu Pukki\Teemu-Pukki,fi FIN,FW,Norwich City,29,1990,27.6,451,397,54,0,2,125,3,8,0,0,0,0,329,86,36,83,328,21,2,14,367,0,4,8,22,Matches
358,Christian Pulisic\Christian-Pulisic,us USA,FW,Chelsea,20,1998,12.0,451,445,6,1,2,145,14,25,4,3,0,0,328,63,60,94,330,16,1,2,351,1,6,7,21,Matches
359,Ignacio Pussetto\Ignacio-Pussetto,ar ARG,FWMF,Watford,23,1995,0.6,22,21,1,1,0,5,0,3,0,0,0,0,7,6,9,4,14,3,0,0,13,0,0,1,0,Matches
360,Domingos Quina\Domingos-Quina,pt POR,MF,Watford,19,1999,0.2,9,9,0,0,0,0,0,0,0,0,0,0,8,1,0,0,9,0,0,0,9,0,0,0,0,Matches
361,Aaron Ramsdale\Aaron-Ramsdale,eng ENG,GK,Bournemouth,21,1998,28.0,865,535,330,95,1,88,27,0,0,0,0,0,344,42,479,47,622,0,0,148,510,2,40,3,4,Matches
362,Darren Randolph\Darren-Randolph,ie IRL,GK,West Ham,32,1987,2.0,40,22,18,4,0,1,0,0,0,0,0,0,4,1,35,0,30,0,0,3,22,1,0,0,0,Matches
363,Marcus Rashford\Marcus-Rashford,eng ENG,FW,Manchester Utd,21,1997,20.9,605,585,20,2,4,118,12,24,6,3,1,2,452,77,76,59,502,20,5,9,452,2,11,22,33,Matches
364,Nathan Redmond\Nathan-Redmond,eng ENG,MFFW,Southampton,25,1994,21.8,704,688,16,0,3,219,22,26,0,0,0,0,463,131,110,50,611,26,2,2,509,4,17,21,31,Matches
365,Pepe Reina\Pepe-Reina,es ESP,GK,Aston Villa,36,1982,6.0,196,137,59,19,0,33,11,0,0,0,0,0,80,20,96,18,140,0,0,29,142,1,3,0,0,Matches
366,Declan Rice\Declan-Rice,eng ENG,MF,West Ham,20,1999,29.0,1294,1272,22,19,1,268,55,20,0,0,0,0,894,194,206,230,966,64,3,2,1112,3,25,19,20,Matches
367,Richarlison\Richarlison,br BRA,FW,Everton,22,1997,26.2,664,642,22,2,4,211,11,49,2,0,1,0,400,160,104,159,426,35,7,6,434,0,22,21,64,Matches
368,Diego Rico\Diego-Rico,es ESP,DF,Bournemouth,26,1993,19.9,1145,860,285,43,2,180,30,123,50,25,15,6,516,287,342,830,49,62,192,2,792,4,31,29,51,Matches
369,Jaïro Riedewald\Jairo-Riedewald,nl NED,DF,Crystal Palace,22,1996,6.8,331,255,76,11,0,48,5,4,0,0,0,0,178,61,92,228,18,16,65,0,242,1,6,11,1,Matches
370,Matt Ritchie\Matt-Ritchie,sco SCO,DFMF,Newcastle Utd,29,1989,7.9,364,269,95,12,0,84,27,58,40,16,16,2,176,79,109,246,52,16,43,1,242,2,5,7,19,Matches
371,Roberto\Roberto,es ESP,GK,West Ham,33,1986,7.6,232,155,77,36,0,14,2,0,0,0,0,0,53,13,166,7,181,0,0,26,113,1,4,0,0,Matches
372,Patrick Roberts\Patrick-Roberts,eng ENG,MFFW,Norwich City,22,1997,0.3,10,9,1,0,0,1,1,0,0,0,0,0,7,2,1,9,1,0,0,0,7,0,0,1,0,Matches
373,Andrew Robertson\Andrew-Robertson,sco SCO,DF,Liverpool,25,1994,27.2,2209,1927,282,33,4,280,62,142,17,4,9,0,1367,407,435,1760,138,66,232,2,1789,3,34,33,61,Matches
374,Callum Robinson\Callum-Robinson,ie IRL,FW,Sheffield Utd,24,1995,7.5,155,146,9,0,1,38,9,15,0,0,0,0,105,26,24,31,114,4,1,2,117,0,5,3,7,Matches
375,Rodri\Rodri,es ESP,MFDF,Manchester City,23,1996,21.7,1957,1933,24,22,0,410,81,7,0,0,0,0,1529,212,216,265,1584,62,2,10,1813,1,20,15,14,Matches
376,Jay Rodriguez\Jay-Rodriguez,eng ENG,FW,Burnley,30,1989,15.3,343,331,12,2,0,114,7,9,0,0,0,0,175,106,62,18,248,27,0,12,238,0,4,7,19,Matches
377,Marcos Rojo\Marcos-Rojo,ar ARG,DF,Manchester Utd,29,1990,1.3,55,45,10,2,0,6,2,3,0,0,0,0,25,12,18,39,5,1,8,0,37,0,3,0,0,Matches
378,Oriol Romeu\Oriol-Romeu,es ESP,MF,Southampton,27,1991,14.5,687,676,11,10,1,161,13,3,0,0,0,0,441,102,144,128,473,59,1,5,565,1,9,9,6,Matches
379,Danny Rose\Danny-Rose,eng ENG,DF,Newcastle Utd,29,1990,3.9,196,170,26,4,0,29,1,4,0,0,0,0,118,40,38,143,19,8,22,0,149,2,3,4,7,Matches
380,Danny Rose\Danny-Rose,eng ENG,DF,Tottenham,29,1990,9.9,572,480,92,17,0,69,5,39,1,0,1,0,353,91,128,412,67,13,74,0,435,3,1,15,22,Matches
381,Antonio Rüdiger\Antonio-Rudiger,de GER,DF,Chelsea,26,1993,12.5,882,863,19,15,0,146,48,5,0,0,0,0,630,108,144,156,668,30,4,5,764,4,17,5,13,Matches
382,Lukas Rupp\Lukas-Rupp,de GER,FW,Norwich City,28,1991,3.8,129,127,2,1,2,39,1,2,0,0,0,0,74,32,23,24,94,6,1,0,96,0,2,6,4,Matches
383,Mathew Ryan\Mathew-Ryan,au AUS,GK,Brighton,27,1992,29.0,1117,878,239,40,0,175,37,0,0,0,0,0,638,84,395,138,750,3,0,189,914,5,35,5,5,Matches
384,Allan Saint-Maximin\Allan-Saint-Maximin,fr FRA,MFFW,Newcastle Utd,22,1997,14.2,310,303,7,0,3,91,10,33,0,0,0,0,206,57,47,40,251,8,6,1,219,2,4,10,22,Matches
385,Romain Saïss\Romain-Saiss,ma MAR,DF,Wolves,29,1990,22.1,1101,1064,37,30,0,134,50,7,0,0,0,0,675,170,256,888,93,71,7,5,904,1,20,15,23,Matches
386,Bukayo Saka\Bukayo-Saka,eng ENG,DFFW,Arsenal,17,2001,13.0,638,537,101,10,2,145,14,47,3,0,1,1,398,131,109,424,109,11,88,0,501,1,16,17,25,Matches
387,Mamadou Sakho\Mamadou-Sakho,fr FRA,DFMF,Crystal Palace,29,1990,5.2,266,260,6,6,0,52,4,0,0,0,0,0,204,25,37,203,45,10,0,2,235,0,2,3,2,Matches
388,Mohamed Salah\Mohamed-Salah,eg EGY,FW,Liverpool,27,1992,25.0,766,718,48,4,8,207,16,39,27,2,15,3,539,125,102,608,125,10,7,8,564,2,11,22,41,Matches
389,Mbwana Samatta\Mbwana-Samatta,tz TAN,FW,Aston Villa,26,1992,3.9,61,58,3,0,0,19,0,0,0,0,0,0,33,12,16,6,36,5,0,5,49,0,0,1,1,Matches
390,Carlos Sánchez\Carlos-Sanchez,co COL,MFDF,West Ham,33,1986,1.3,55,55,0,0,0,15,1,0,0,0,0,0,28,13,14,14,32,5,0,2,45,0,0,1,1,Matches
391,Davinson Sánchez\Davinson-Sanchez,co COL,DF,Tottenham,23,1996,21.0,1187,1155,32,20,0,184,29,1,0,0,0,0,919,121,147,170,930,55,12,3,1030,1,14,12,14,Matches
392,Ismaila Sarr\Ismaila-Sarr,sn SEN,FWMF,Watford,21,1998,13.6,382,379,3,0,2,98,6,56,1,0,1,0,261,73,48,23,337,8,0,5,283,3,6,9,20,Matches
393,Fabian Schär\Fabian-Schar,ch SUI,DF,Newcastle Utd,27,1991,15.5,613,555,58,36,0,112,62,10,0,0,0,0,303,89,221,85,462,32,22,0,445,8,17,6,9,Matches
394,Ezequiel Schelotto\Ezequiel-Schelotto,it ITA,DF,Brighton,30,1989,3.2,144,110,34,1,0,31,1,13,0,0,0,0,60,50,34,10,90,6,33,0,104,0,2,2,5,Matches
395,Jeffrey Schlupp\Jeffrey-Schlupp,gh GHA,MFDF,Crystal Palace,26,1992,9.5,278,260,18,3,1,66,7,7,0,0,0,0,175,47,56,187,47,13,15,3,209,2,4,7,8,Matches
396,Kasper Schmeichel\Kasper-Schmeichel,dk DEN,GK,Leicester City,32,1986,29.0,918,635,283,87,0,94,52,0,0,0,0,0,485,78,355,51,704,3,0,122,704,5,35,2,2,Matches
397,Morgan Schneiderlin\Morgan-Schneiderlin,fr FRA,MF,Everton,29,1989,11.1,567,550,17,10,0,97,30,8,0,0,0,0,338,117,112,77,452,22,0,3,494,0,4,6,9,Matches
398,Ryan Sessegnon\Ryan-Sessegnon,eng ENG,DF,Tottenham,19,2000,3.8,195,168,27,2,0,39,5,13,1,0,1,0,119,42,34,151,11,4,24,0,145,0,1,4,8,Matches
399,Xherdan Shaqiri\Xherdan-Shaqiri,ch SUI,FW,Liverpool,27,1991,1.9,101,90,11,2,0,20,2,5,4,3,0,0,58,25,18,75,17,2,5,0,83,2,0,4,2,Matches
400,Billy Sharp\Billy-Sharp,eng ENG,FW,Sheffield Utd,33,1986,7.4,158,155,3,0,0,54,1,7,0,0,0,0,102,39,17,12,124,11,0,5,118,1,3,7,8,Matches
401,Luke Shaw\Luke-Shaw,eng ENG,DF,Manchester Utd,24,1995,13.7,906,791,115,13,1,182,11,25,4,4,0,0,621,141,144,674,73,46,98,2,776,0,10,15,22,Matches
402,Jonjo Shelvey\Jonjo-Shelvey,eng ENG,MF,Newcastle Utd,27,1992,14.9,657,582,75,29,3,157,66,53,42,15,19,3,340,85,232,73,553,20,1,2,469,7,18,17,5,Matches
403,Djibril Sidibé\Djibril-Sidibe,fr FRA,DF,Everton,27,1992,18.2,1017,835,182,15,0,169,27,64,1,0,0,0,565,251,201,125,663,43,166,2,782,4,20,25,41,Matches
404,Gylfi Sigurðsson\Gylfi-Sigurdsson,is ISL,MF,Everton,29,1989,22.2,829,715,114,36,2,137,40,117,62,23,33,4,494,150,185,122,654,29,3,6,624,1,19,11,29,Matches
405,Bernardo Silva\Bernardo-Silva,pt POR,FWMF,Manchester City,24,1994,16.6,1066,1021,45,8,3,218,14,57,15,1,1,0,800,161,105,936,67,30,22,2,914,2,6,12,35,Matches
406,David Silva\David-Silva,es ESP,MF,Manchester City,33,1986,14.0,992,953,39,11,9,217,8,28,5,0,1,0,786,133,73,865,102,15,4,2,840,6,9,25,34,Matches
407,Jack Simpson\Jack-Simpson,eng ENG,DF,Bournemouth,22,1997,2.6,100,86,14,0,0,17,3,0,0,0,0,0,53,27,20,68,15,1,14,0,70,1,8,3,3,Matches
408,Moussa Sissoko\Moussa-Sissoko,fr FRA,MF,Tottenham,29,1989,18.8,941,889,52,12,2,162,17,21,0,0,0,0,690,145,106,91,740,38,40,11,807,2,8,20,14,Matches
409,Oliver Skipp\Oliver-Skipp,eng ENG,MFDF,Tottenham,18,2000,0.6,27,27,0,0,0,4,0,0,0,0,0,0,23,2,2,1,24,2,0,0,25,0,1,1,0,Matches
410,William Smallbone\William-Smallbone,ie IRL,MF,Southampton,19,2000,1.8,107,101,6,1,0,24,3,1,0,0,0,0,69,18,20,9,93,3,0,0,89,0,2,1,4,Matches
411,Adam Smith\Adam-Smith,eng ENG,DF,Bournemouth,28,1991,17.3,817,654,163,17,1,150,8,21,0,0,0,0,455,158,204,48,565,39,146,1,642,3,17,12,31,Matches
412,Emile Smith-Rowe\Emile-Smith-Rowe,eng ENG,MF,Arsenal,19,2000,1.1,36,36,0,0,0,8,1,1,0,0,0,0,27,6,3,3,32,1,0,0,30,0,1,1,1,Matches
413,Robert Snodgrass\Robert-Snodgrass,sco SCO,MFFW,West Ham,31,1987,16.8,635,529,106,32,2,113,37,135,72,27,24,19,326,103,206,541,53,29,1,2,435,3,6,15,24,Matches
414,Cédric Soares\Cedric-Soares,pt POR,DF,Southampton,27,1991,14.5,724,527,197,11,0,117,19,52,0,0,0,0,271,208,245,64,414,44,186,3,522,3,12,11,14,Matches
415,Dominic Solanke\Dominic-Solanke,eng ENG,FWMF,Bournemouth,21,1997,13.1,324,309,15,1,0,108,2,4,0,0,0,0,201,70,53,32,229,25,0,8,240,1,4,7,16,Matches
416,Tomáš Souček\Tomas-Soucek,cz CZE,MF,West Ham,24,1995,2.6,65,64,1,0,0,15,1,0,1,1,0,0,29,15,21,5,41,11,0,0,36,1,2,3,1,Matches
417,Çağlar Söyüncü\Caglar-Soyuncu,tr TUR,DF,Leicester City,23,1996,28.0,1774,1734,40,38,0,197,44,4,0,0,0,0,1429,160,185,356,1308,65,2,8,1621,4,20,7,18,Matches
418,Dennis Srbeny\Dennis-Srbeny,de GER,MFFW,Norwich City,25,1994,0.4,23,23,0,0,0,4,0,0,0,0,0,0,16,6,1,6,12,3,0,1,17,0,1,0,1,Matches
419,Jack Stacey\Jack-Stacey,eng ENG,DF,Bournemouth,23,1996,11.9,531,432,99,4,0,124,8,21,1,1,0,0,269,115,147,43,347,38,94,0,380,1,12,16,27,Matches
420,Junior Stanislas\Junior-Stanislas,eng ENG,MFFW,Bournemouth,29,1989,2.5,109,105,4,0,0,27,2,6,3,1,1,0,69,23,17,7,96,2,0,0,85,0,3,1,3,Matches
421,Jed Steer\Jed-Steer,eng ENG,GK,Aston Villa,26,1992,0.1,2,1,1,0,0,0,0,0,0,0,0,0,1,0,1,2,0,0,0,0,1,0,0,0,0,Matches
422,Dale Stephens\Dale-Stephens,eng ENG,MF,Brighton,30,1989,21.6,1391,1376,15,11,3,259,46,4,0,0,0,0,939,241,211,153,1165,52,4,4,1211,3,19,25,16,Matches
423,Jack Stephens\Jack-Stephens,eng ENG,DF,Southampton,25,1994,20.3,843,801,42,29,2,153,27,3,0,0,0,0,477,80,286,44,690,79,13,2,617,5,29,8,17,Matches
424,Raheem Sterling\Raheem-Sterling,eng ENG,FW,Manchester City,24,1994,22.5,951,937,14,0,4,245,2,49,0,0,0,0,741,123,87,117,787,18,10,9,753,1,11,29,47,Matches
425,Enda Stevens\Enda-Stevens,ie IRL,DF,Sheffield Utd,29,1990,27.2,1411,1168,243,4,1,290,24,91,0,0,0,0,763,316,332,1006,105,47,239,1,1049,2,26,33,66,Matches
426,Marco Stiepermann\Marco-Stiepermann,de GER,MF,Norwich City,28,1991,10.4,336,317,19,0,3,96,3,4,0,0,0,0,240,52,44,284,31,12,1,2,248,0,7,9,18,Matches
427,John Stones\John-Stones,eng ENG,DF,Manchester City,25,1994,10.1,764,752,12,8,0,120,34,0,0,0,0,0,626,62,76,74,627,37,4,2,725,1,4,0,2,Matches
428,Isaac Success\Isaac-Success,ng NGA,FWMF,Watford,23,1996,0.7,21,21,0,0,0,12,0,2,0,0,0,0,12,7,2,1,15,1,0,3,14,0,0,1,2,Matches
429,Ki Sung-yueng\Ki-Sung-yueng,kr KOR,MF,Newcastle Utd,30,1989,1.5,67,61,6,3,0,13,8,4,3,3,0,0,45,11,11,5,57,3,0,0,59,0,0,1,0,Matches
430,Andrew Surman\Andrew-Surman,eng ENG,MF,Bournemouth,32,1986,2.6,127,118,9,7,0,19,7,3,2,1,1,0,69,29,29,95,13,15,0,0,102,0,2,1,1,Matches
431,Sam Surridge\Sam-Surridge,eng ENG,FW,Bournemouth,21,1998,0.2,3,3,0,0,0,2,0,0,0,0,0,0,1,1,1,0,2,0,0,0,2,0,0,0,0,Matches
432,Japhet Tanganga\Japhet-Tanganga,eng ENG,DF,Tottenham,20,1999,5.8,232,195,37,4,0,38,5,2,0,0,0,0,135,59,38,21,151,13,33,1,188,0,5,3,11,Matches
433,Matt Targett\Matt-Targett,eng ENG,DF,Aston Villa,23,1995,18.8,945,759,186,29,0,183,28,71,10,7,0,2,476,222,247,625,96,63,147,4,693,3,21,15,36,Matches
434,James Tarkowski\James-Tarkowski,eng ENG,DF,Burnley,26,1992,29.0,921,907,14,12,0,194,21,4,0,0,0,0,464,149,308,112,621,96,2,3,676,4,36,11,15,Matches
435,Charlie Taylor\Charlie-Taylor,eng ENG,DF,Burnley,25,1993,15.3,750,546,204,6,1,119,17,67,0,0,0,0,247,205,298,467,18,43,198,1,516,4,22,8,41,Matches
436,Neil Taylor\Neil-Taylor,wal WAL,DF,Aston Villa,30,1989,8.8,375,304,71,0,0,79,3,8,0,0,0,0,210,95,70,208,82,10,71,0,297,0,9,4,10,Matches
437,Alexander Tettey\Alexander-Tettey,no NOR,MFDF,Norwich City,33,1986,19.9,951,941,10,8,1,233,17,4,1,0,0,0,731,120,100,123,736,59,1,8,842,0,9,11,9,Matches
438,Youri Tielemans\Youri-Tielemans,be BEL,MF,Leicester City,22,1997,23.9,1322,1267,55,28,8,283,40,47,14,3,4,0,902,214,206,241,1002,37,11,13,1069,9,20,15,29,Matches
439,Kieran Tierney\Kieran-Tierney,sco SCO,DF,Arsenal,22,1997,3.3,176,139,37,2,0,37,4,21,0,0,0,0,87,43,46,119,14,6,35,0,135,2,2,2,10,Matches
440,James Tomkins\James-Tomkins,eng ENG,DF,Crystal Palace,30,1989,17.6,626,597,29,26,0,106,24,1,0,0,0,0,377,96,153,81,474,34,3,0,505,2,14,6,5,Matches
441,Fikayo Tomori\Fikayo-Tomori,eng ENG,DF,Chelsea,21,1997,14.4,1098,1078,20,10,1,130,15,4,0,0,0,0,884,73,141,274,765,35,10,0,981,0,17,6,14,Matches
442,Lucas Torreira\Lucas-Torreira,uy URU,MF,Arsenal,23,1996,15.2,821,786,35,22,1,173,8,12,11,3,3,3,562,137,122,78,687,46,2,2,720,1,6,10,15,Matches
443,Cenk Tosun\Cenk-Tosun,tr TUR,FW,Everton,28,1991,3.2,62,61,1,0,0,19,3,2,0,0,0,0,28,21,13,17,34,6,0,3,42,0,2,2,5,Matches
444,Cenk Tosun\Cenk-Tosun,tr TUR,FW,Crystal Palace,28,1991,2.0,47,47,0,0,1,19,0,2,0,0,0,0,23,11,13,13,27,2,0,1,29,2,2,3,2,Matches
445,Andros Townsend\Andros-Townsend,eng ENG,MF,Crystal Palace,28,1991,8.8,274,264,10,1,0,87,9,36,4,4,0,0,174,37,63,198,71,1,3,0,189,2,9,2,14,Matches
446,Adama Traoré\Adama-Traore,es ESP,FWDF,Wolves,23,1996,23.0,738,703,35,0,3,210,25,143,0,0,0,0,423,120,195,69,590,15,35,3,474,1,14,17,59,Matches
447,Mark Travers\Mark-Travers,ie IRL,GK,Bournemouth,20,1999,1.0,32,23,9,1,0,4,0,0,0,0,0,0,16,3,13,3,24,0,0,5,23,0,1,0,0,Matches
448,Trézéguet\Trezeguet,eg EGY,FWMF,Aston Villa,24,1994,14.7,325,306,19,2,1,67,20,53,10,5,2,0,196,62,67,17,273,17,7,4,221,2,13,8,18,Matches
449,Leandro Trossard\Leandro-Trossard,be BEL,FWMF,Brighton,24,1994,16.0,636,596,40,16,2,138,36,63,9,4,4,1,362,128,146,141,463,11,12,7,451,2,14,20,37,Matches
450,Tom Trybull\Tom-Trybull,de GER,MF,Norwich City,26,1993,11.4,558,539,19,19,0,121,16,0,0,0,0,0,435,73,50,70,451,29,0,1,520,0,5,0,4,Matches
451,Axel Tuanzebe\Axel-Tuanzebe,eng ENG,DF,Manchester Utd,21,1997,2.1,141,129,12,1,0,16,3,1,0,0,0,0,104,24,13,18,104,5,11,1,127,0,0,1,2,Matches
452,Yan Valery\Yan-Valery,fr FRA,DF,Southampton,20,1999,7.2,265,185,80,2,0,57,6,12,0,0,0,0,100,73,92,11,153,13,78,1,163,0,16,6,14,Matches
453,Jesús Vallejo\Jesus-Vallejo,es ESP,DF,Wolves,22,1997,1.8,104,103,1,1,0,13,3,0,0,0,0,0,70,11,23,5,94,2,0,0,81,0,5,1,1,Matches
454,Jamie Vardy\Jamie-Vardy,eng ENG,FW,Leicester City,32,1987,24.7,327,282,45,0,2,70,4,24,0,0,0,0,193,73,61,56,217,28,1,4,219,0,6,9,22,Matches
455,Indiana Vassilev\Indiana-Vassilev,us USA,FW,Aston Villa,18,2001,0.4,9,8,1,0,0,5,0,0,0,0,0,0,8,0,1,5,3,0,1,0,7,0,0,1,1,Matches
456,Jan Vertonghen\Jan-Vertonghen,be BEL,DF,Tottenham,32,1987,17.2,1045,946,99,36,0,157,27,16,0,0,0,0,714,140,191,679,234,45,63,1,871,1,9,12,22,Matches
457,Jannik Vestergaard\Jannik-Vestergaard,dk DEN,DF,Southampton,26,1992,12.6,535,494,41,15,1,87,14,1,0,0,0,0,350,56,129,168,281,43,26,3,428,0,14,2,3,Matches
458,Rúben Vinagre\Ruben-Vinagre,pt POR,DF,Wolves,20,1999,5.9,293,232,61,5,0,59,7,27,0,0,0,0,146,75,72,207,21,5,56,1,218,0,8,4,17,Matches
459,Mario Vrančić\Mario-Vrancic,ba BIH,MF,Norwich City,30,1989,4.2,263,254,9,7,2,70,7,2,0,0,0,0,159,44,60,189,48,17,2,2,210,3,1,6,3,Matches
460,Matěj Vydra\Matej-Vydra,cz CZE,FW,Burnley,27,1992,3.7,48,46,2,0,0,19,0,1,0,0,0,0,25,18,5,7,30,4,1,1,32,0,3,1,2,Matches
461,Theo Walcott\Theo-Walcott,eng ENG,MFFW,Everton,30,1989,11.9,324,317,7,1,2,57,6,34,2,1,1,0,190,77,57,18,277,19,4,2,208,0,10,20,22,Matches
462,Kyle Walker\Kyle-Walker,eng ENG,DF,Manchester City,29,1990,20.1,1574,1406,168,22,2,220,57,43,1,0,0,0,1112,261,201,39,1329,34,145,11,1386,3,16,22,33,Matches
463,Kyle Walker-Peters\Kyle-Walker-Peters,eng ENG,DF,Tottenham,22,1997,2.7,214,187,27,4,0,32,3,8,0,0,0,0,154,33,27,15,171,5,23,0,183,1,1,3,6,Matches
464,Kyle Walker-Peters\Kyle-Walker-Peters,eng ENG,DF,Southampton,22,1997,0.8,57,35,22,1,0,11,1,2,0,0,0,0,21,19,17,3,31,2,21,0,39,0,3,0,3,Matches
465,Aaron Wan-Bissaka\Aaron-Wan-Bissaka,eng ENG,DF,Manchester Utd,21,1997,25.9,1561,1256,305,11,0,235,10,74,0,0,0,0,970,320,271,61,1153,40,294,2,1249,4,15,32,70,Matches
466,Victor Wanyama\Victor-Wanyama,ke KEN,MF,Tottenham,28,1991,0.3,19,17,2,1,0,2,1,0,0,0,0,0,12,4,3,0,16,2,1,0,18,0,0,0,0,Matches
467,Joel Ward\Joel-Ward,eng ENG,DF,Crystal Palace,29,1989,17.5,821,633,188,9,0,154,13,19,0,0,0,0,386,214,221,65,514,41,179,7,616,3,21,19,27,Matches
468,James Ward-Prowse\James-Ward-Prowse,eng ENG,MFDF,Southampton,24,1994,29.0,1436,1156,280,66,3,222,75,193,134,63,49,16,717,256,463,117,1101,114,51,8,1039,3,23,22,31,Matches
469,Adam Webster\Adam-Webster,eng ENG,DF,Brighton,24,1995,22.4,1479,1408,71,40,1,266,32,6,0,0,0,0,1032,212,235,267,1059,75,31,4,1261,4,17,15,16,Matches
470,Danny Welbeck\Danny-Welbeck,eng ENG,FWMF,Watford,28,1990,3.1,62,59,3,0,0,19,0,0,0,0,0,0,40,14,8,1,51,3,0,1,49,0,1,0,2,Matches
471,Ashley Westwood\Ashley-Westwood,eng ENG,MF,Burnley,29,1990,26.0,1267,1116,151,46,6,219,64,111,73,65,1,2,676,228,363,69,1131,48,2,4,927,7,32,11,28,Matches
472,Connor Wickham\Connor-Wickham,eng ENG,FWMF,Crystal Palace,26,1993,1.0,44,42,2,0,0,17,2,0,0,0,0,0,13,15,16,5,16,12,1,1,29,0,0,1,3,Matches
473,Georginio Wijnaldum\Georginio-Wijnaldum,nl NED,MF,Liverpool,28,1990,25.9,1254,1232,22,11,4,234,24,3,0,0,0,0,995,153,106,135,1040,40,11,5,1140,1,7,14,18,Matches
474,Jetro Willems\Jetro-Willems,nl NED,DF,Newcastle Utd,25,1994,16.6,582,450,132,10,0,98,13,32,1,1,0,0,306,95,181,336,91,21,121,3,408,4,9,17,27,Matches
475,Brandon Williams\Brandon-Williams,eng ENG,DF,Manchester Utd,18,2000,8.4,445,392,53,5,0,67,3,10,1,0,0,0,315,71,59,125,254,11,47,1,362,3,7,11,10,Matches
476,Willian\Willian,br BRA,FW,Chelsea,30,1988,21.4,1147,1058,89,11,4,273,57,115,68,16,36,5,768,193,186,128,974,29,8,4,906,4,12,18,28,Matches
477,Joe Willock\Joe-Willock,eng ENG,MF,Arsenal,19,1999,6.4,269,266,3,1,0,55,6,4,1,1,0,0,197,34,38,30,220,10,1,4,221,2,4,5,6,Matches
478,Jack Wilshere\Jack-Wilshere,eng ENG,MF,West Ham,27,1992,1.9,59,57,2,2,0,14,0,0,0,0,0,0,45,7,7,50,3,0,0,2,50,0,2,2,1,Matches
479,Callum Wilson\Callum-Wilson,eng ENG,FW,Bournemouth,27,1992,26.1,423,398,25,0,5,129,8,14,0,0,0,0,227,131,65,42,318,24,1,14,281,2,7,8,36,Matches
480,Harry Wilson\Harry-Wilson,wal WAL,MFFW,Bournemouth,22,1997,16.1,503,457,46,7,6,107,23,23,15,8,0,1,304,105,94,427,46,16,8,3,382,0,8,14,28,Matches
481,Harry Winks\Harry-Winks,eng ENG,MF,Tottenham,23,1996,17.7,1238,1192,46,25,4,181,33,24,6,3,2,0,960,134,144,152,1043,29,4,5,1089,2,10,19,9,Matches
482,Chris Wood\Chris-Wood,nz NZL,FW,Burnley,27,1991,23.0,409,400,9,0,0,145,4,8,0,0,0,0,180,124,105,51,219,55,1,14,263,3,10,11,11,Matches
483,Granit Xhaka\Granit-Xhaka,ch SUI,MF,Arsenal,26,1992,21.2,1457,1401,56,45,3,305,63,13,0,0,0,0,1022,225,210,1146,221,55,11,3,1285,6,12,15,18,Matches
484,Andriy Yarmolenko\Andriy-Yarmolenko,ua UKR,MF,West Ham,29,1989,9.2,324,318,6,3,1,67,15,13,1,1,0,0,216,55,53,238,70,12,2,1,260,0,6,5,9,Matches
485,DeAndre Yedlin\DeAndre-Yedlin,us USA,DF,Newcastle Utd,26,1993,8.6,272,237,35,1,0,45,5,26,0,0,0,0,118,60,94,13,202,18,34,2,195,0,5,3,10,Matches
486,Maya Yoshida\Maya-Yoshida,jp JPN,DF,Southampton,30,1988,6.2,247,239,8,5,0,32,8,0,0,0,0,0,171,24,52,49,174,14,3,4,207,1,7,3,3,Matches
487,Ashley Young\Ashley-Young,eng ENG,DF,Manchester Utd,34,1985,10.6,735,553,182,28,1,114,39,62,35,13,14,6,406,130,199,86,502,17,119,5,565,4,21,17,19,Matches
488,Pablo Zabaleta\Pablo-Zabaleta,ar ARG,DF,West Ham,34,1985,6.5,326,258,68,4,0,32,3,15,0,0,0,0,158,56,112,27,201,29,64,0,247,0,3,3,14,Matches
489,Wilfried Zaha\Wilfried-Zaha,ci CIV,MFFW,Crystal Palace,26,1992,28.3,951,926,25,1,0,259,27,54,0,0,0,0,756,115,80,128,783,9,22,3,744,2,11,29,58,Matches
490,Christoph Zimmermann\Christoph-Zimmermann,de GER,DF,Norwich City,26,1993,14.4,585,565,20,17,0,124,15,0,0,0,0,0,360,80,145,76,461,31,3,2,479,0,12,5,8,Matches
491,Oleksandr Zinchenko\Oleksandr-Zinchenko,ua UKR,DF,Manchester City,22,1996,10.1,924,841,83,5,1,124,13,31,1,0,0,0,678,144,102,737,65,32,77,4,831,4,2,8,17,Matches
492,Kurt Zouma\Kurt-Zouma,fr FRA,DF,Chelsea,24,1994,20.0,1450,1424,26,22,0,176,73,0,0,0,0,0,1121,105,224,256,1102,56,4,2,1280,3,27,9,10,Matches